ISBN,Book_Title,Book_Author,Image_URL_L,Book_Rating,Total_Votes,Avg_rating,Price
0399135782,The Kitchen God's Wife,Amy Tan,http://images.amazon.com/images/P/0399135782.01.LZZZZZZZ.jpg,9.0,109,1.8,$89.99
0440234743,The Testament,John Grisham,http://images.amazon.com/images/P/0440234743.01.LZZZZZZZ.jpg,0.0,172,1.9,$89.99
0452264464,Beloved (Plume Contemporary Fiction),Toni Morrison,http://images.amazon.com/images/P/0452264464.01.LZZZZZZZ.jpg,0.0,51,2.3,$49.99
0971880107,Wild Animus,Rich Shapero,http://images.amazon.com/images/P/0971880107.01.LZZZZZZZ.jpg,0.0,330,0.4,$79.99
0345402871,Airframe,Michael Crichton,http://images.amazon.com/images/P/0345402871.01.LZZZZZZZ.jpg,0.0,102,1.7,$49.99
0345417623,Timeline,MICHAEL CRICHTON,http://images.amazon.com/images/P/0345417623.01.LZZZZZZZ.jpg,0.0,144,2.0,$79.99
0446310786,To Kill a Mockingbird,Harper Lee,http://images.amazon.com/images/P/0446310786.01.LZZZZZZZ.jpg,0.0,181,3.7,$49.99
0449005615,Seabiscuit: An American Legend,LAURA HILLENBRAND,http://images.amazon.com/images/P/0449005615.01.LZZZZZZZ.jpg,9.0,68,2.7,$49.99
0060168013,Pigs in Heaven,Barbara Kingsolver,http://images.amazon.com/images/P/0060168013.01.LZZZZZZZ.jpg,0.0,92,1.8,$69.99
055321215X,Pride and Prejudice,Jane Austen,http://images.amazon.com/images/P/055321215X.01.LZZZZZZZ.jpg,0.0,62,2.6,$69.99
0553582909,Icebound,Dean R. Koontz,http://images.amazon.com/images/P/0553582909.01.LZZZZZZZ.jpg,9.0,60,1.8,$89.99
0671888587,I'll Be Seeing You,Mary Higgins Clark,http://images.amazon.com/images/P/0671888587.01.LZZZZZZZ.jpg,9.0,75,1.6,$89.99
0553582747,From the Corner of His Eye,Dean Koontz,http://images.amazon.com/images/P/0553582747.01.LZZZZZZZ.jpg,8.0,69,2.1,$89.99
0425182908,Isle of Dogs,Patricia Cornwell,http://images.amazon.com/images/P/0425182908.01.LZZZZZZZ.jpg,4.0,95,1.2,$69.99
042518630X,Purity in Death,J.D. Robb,http://images.amazon.com/images/P/042518630X.01.LZZZZZZZ.jpg,7.0,61,2.2,$89.99
0440225701,The Street Lawyer,JOHN GRISHAM,http://images.amazon.com/images/P/0440225701.01.LZZZZZZZ.jpg,0.0,175,1.8,$79.99
042511774X,Breathing Lessons,Anne Tyler,http://images.amazon.com/images/P/042511774X.01.LZZZZZZZ.jpg,0.0,104,1.5,$69.99
0804106304,The Joy Luck Club,Amy Tan,http://images.amazon.com/images/P/0804106304.01.LZZZZZZZ.jpg,0.0,177,1.9,$89.99
0140067477,The Tao of Pooh,Benjamin Hoff,http://images.amazon.com/images/P/0140067477.01.LZZZZZZZ.jpg,0.0,73,2.9,$59.99
0345465083,Seabiscuit,LAURA HILLENBRAND,http://images.amazon.com/images/P/0345465083.01.LZZZZZZZ.jpg,0.0,63,1.9,$69.99
0316769487,The Catcher in the Rye,J.D. Salinger,http://images.amazon.com/images/P/0316769487.01.LZZZZZZZ.jpg,0.0,95,3.0,$79.99
0679429220,Midnight in the Garden of Good and Evil: A Savannah Story,John Berendt,http://images.amazon.com/images/P/0679429220.01.LZZZZZZZ.jpg,0.0,85,2.3,$49.99
0671867156,Pretend You Don't See Her,Mary Higgins Clark,http://images.amazon.com/images/P/0671867156.01.LZZZZZZZ.jpg,0.0,104,1.2,$79.99
0312252617,Fast Women,Jennifer Crusie,http://images.amazon.com/images/P/0312252617.01.LZZZZZZZ.jpg,0.0,88,1.6,$59.99
0451166892,The Pillars of the Earth,Ken Follett,http://images.amazon.com/images/P/0451166892.01.LZZZZZZZ.jpg,0.0,82,1.8,$59.99
0786868716,The Five People You Meet in Heaven,Mitch Albom,http://images.amazon.com/images/P/0786868716.01.LZZZZZZZ.jpg,0.0,110,3.5,$69.99
0446608653,The Alibi,Sandra Brown,http://images.amazon.com/images/P/0446608653.01.LZZZZZZZ.jpg,0.0,63,1.1,$69.99
0446612545,The Beach House,James Patterson,http://images.amazon.com/images/P/0446612545.01.LZZZZZZZ.jpg,0.0,140,1.6,$69.99
0671027360,Angels &amp; Demons,Dan Brown,http://images.amazon.com/images/P/0671027360.01.LZZZZZZZ.jpg,0.0,189,2.3,$49.99
0671042858,The Girl Who Loved Tom Gordon,Stephen King,http://images.amazon.com/images/P/0671042858.01.LZZZZZZZ.jpg,10.0,68,2.4,$69.99
0060976845,Little Altars Everywhere: A Novel,Rebecca Wells,http://images.amazon.com/images/P/0060976845.01.LZZZZZZZ.jpg,0.0,141,1.9,$89.99
0671004573,Before I Say Good-Bye,Mary Higgins Clark,http://images.amazon.com/images/P/0671004573.01.LZZZZZZZ.jpg,10.0,76,1.1,$79.99
0446601640,Slow Waltz in Cedar Bend,Robert James Waller,http://images.amazon.com/images/P/0446601640.01.LZZZZZZZ.jpg,0.0,108,1.0,$49.99
038572179X,Atonement : A Novel,IAN MCEWAN,http://images.amazon.com/images/P/038572179X.01.LZZZZZZZ.jpg,0.0,64,1.7,$79.99
0380778556,Rebecca,Daphne Du Maurier,http://images.amazon.com/images/P/0380778556.01.LZZZZZZZ.jpg,9.0,67,3.1,$69.99
0505524996,Contact,Susan Grant,http://images.amazon.com/images/P/0505524996.01.LZZZZZZZ.jpg,0.0,67,1.4,$59.99
0446527165,Wish You Well,David Baldacci,http://images.amazon.com/images/P/0446527165.01.LZZZZZZZ.jpg,9.0,83,1.7,$59.99
0671461494,The Hitchhiker's Guide to the Galaxy,Douglas Adams,http://images.amazon.com/images/P/0671461494.01.LZZZZZZZ.jpg,0.0,80,3.1,$49.99
0330332775,Bridget Jones's Diary,Helen Fielding,http://images.amazon.com/images/P/0330332775.01.LZZZZZZZ.jpg,0.0,263,2.6,$79.99
3257208626,Fahrenheit 451,Ray Bradbury,http://images.amazon.com/images/P/3257208626.01.LZZZZZZZ.jpg,0.0,114,3.1,$79.99
0060977493,The God of Small Things,Arundhati Roy,http://images.amazon.com/images/P/0060977493.01.LZZZZZZZ.jpg,0.0,82,1.8,$59.99
0316693006,Four Blind Mice,James Patterson,http://images.amazon.com/images/P/0316693006.01.LZZZZZZZ.jpg,0.0,81,2.3,$79.99
0345378490,Congo,Michael Crichton,http://images.amazon.com/images/P/0345378490.01.LZZZZZZZ.jpg,0.0,117,1.6,$89.99
0375705856,Plainsong (Vintage Contemporaries),KENT HARUF,http://images.amazon.com/images/P/0375705856.01.LZZZZZZZ.jpg,0.0,60,2.2,$69.99
0380717018,Body of Evidence (Kay Scarpetta Mysteries (Paperback)),Patricia D. Cornwell,http://images.amazon.com/images/P/0380717018.01.LZZZZZZZ.jpg,0.0,68,1.9,$79.99
0380718332,All That Remains (Kay Scarpetta Mysteries (Paperback)),Patricia D. Cornwell,http://images.amazon.com/images/P/0380718332.01.LZZZZZZZ.jpg,0.0,83,2.1,$49.99
0385497466,The Brethren,JOHN GRISHAM,http://images.amazon.com/images/P/0385497466.01.LZZZZZZZ.jpg,0.0,168,1.9,$89.99
0385508042,The King of Torts,John Grisham,http://images.amazon.com/images/P/0385508042.01.LZZZZZZZ.jpg,0.0,114,1.4,$79.99
0446605484,Roses Are Red (Alex Cross Novels),James Patterson,http://images.amazon.com/images/P/0446605484.01.LZZZZZZZ.jpg,0.0,91,1.6,$59.99
0446610399,The Rescue,Nicholas Sparks,http://images.amazon.com/images/P/0446610399.01.LZZZZZZZ.jpg,0.0,98,1.8,$79.99
0451162072,Pet Sematary,Stephen King,http://images.amazon.com/images/P/0451162072.01.LZZZZZZZ.jpg,0.0,115,2.8,$89.99
0452282152,Girl with a Pearl Earring,Tracy Chevalier,http://images.amazon.com/images/P/0452282152.01.LZZZZZZZ.jpg,0.0,130,2.6,$79.99
0671027387,Deception Point,Dan Brown,http://images.amazon.com/images/P/0671027387.01.LZZZZZZZ.jpg,10.0,68,1.4,$59.99
0684848783,Tis : A Memoir,Frank McCourt,http://images.amazon.com/images/P/0684848783.01.LZZZZZZZ.jpg,0.0,51,2.0,$59.99
155874262X,Chicken Soup for the Soul (Chicken Soup for the Soul),Jack Canfield,http://images.amazon.com/images/P/155874262X.01.LZZZZZZZ.jpg,0.0,73,2.4,$59.99
0060987103,Wicked: The Life and Times of the Wicked Witch of the West,Gregory Maguire,http://images.amazon.com/images/P/0060987103.01.LZZZZZZZ.jpg,0.0,115,2.5,$59.99
0151008116,Life of Pi,Yann Martel,http://images.amazon.com/images/P/0151008116.01.LZZZZZZZ.jpg,0.0,175,2.4,$89.99
0804111359,Secret History,DONNA TARTT,http://images.amazon.com/images/P/0804111359.01.LZZZZZZZ.jpg,2.0,66,1.4,$69.99
1558744150,Chicken Soup for the Woman's Soul (Chicken Soup for the Soul Series (Paper)),Jack Canfield,http://images.amazon.com/images/P/1558744150.01.LZZZZZZZ.jpg,0.0,68,2.7,$89.99
037582345X,"The Golden Compass (His Dark Materials, Book 1)",PHILIP PULLMAN,http://images.amazon.com/images/P/037582345X.01.LZZZZZZZ.jpg,9.0,129,2.2,$69.99
0375823468,"The Subtle Knife (His Dark Materials, Book 2)",PHILIP PULLMAN,http://images.amazon.com/images/P/0375823468.01.LZZZZZZZ.jpg,9.0,76,2.8,$89.99
0451526341,Animal Farm,George Orwell,http://images.amazon.com/images/P/0451526341.01.LZZZZZZZ.jpg,8.0,67,2.9,$49.99
0374270325,A Man in Full,Tom Wolfe,http://images.amazon.com/images/P/0374270325.01.LZZZZZZZ.jpg,0.0,63,1.2,$69.99
044023722X,A Painted House,John Grisham,http://images.amazon.com/images/P/044023722X.01.LZZZZZZZ.jpg,0.0,222,2.0,$89.99
0060977477,The Perfect Storm : A True Story of Men Against the Sea,Sebastian Junger,http://images.amazon.com/images/P/0060977477.01.LZZZZZZZ.jpg,8.0,157,1.4,$79.99
0380730138,Vinegar Hill (Oprah's Book Club (Paperback)),A. Manette Ansay,http://images.amazon.com/images/P/0380730138.01.LZZZZZZZ.jpg,9.0,103,1.3,$59.99
0425120279,The Hunt for Red October,Tom Clancy,http://images.amazon.com/images/P/0425120279.01.LZZZZZZZ.jpg,0.0,99,1.1,$79.99
0142001740,The Secret Life of Bees,Sue Monk Kidd,http://images.amazon.com/images/P/0142001740.01.LZZZZZZZ.jpg,0.0,204,2.8,$59.99
0312995423,Digital Fortress : A Thriller,Dan Brown,http://images.amazon.com/images/P/0312995423.01.LZZZZZZZ.jpg,7.0,59,1.8,$49.99
0385416342,The Firm,John Grisham,http://images.amazon.com/images/P/0385416342.01.LZZZZZZZ.jpg,7.0,219,2.2,$69.99
038542471X,The Client,John Grisham,http://images.amazon.com/images/P/038542471X.01.LZZZZZZZ.jpg,0.0,177,2.4,$79.99
0515128554,Heart of the Sea (Irish Trilogy),Nora Roberts,http://images.amazon.com/images/P/0515128554.01.LZZZZZZZ.jpg,8.0,74,2.5,$89.99
0671867113,Moonlight Becomes You,Mary Higgins Clark,http://images.amazon.com/images/P/0671867113.01.LZZZZZZZ.jpg,0.0,59,2.3,$69.99
0316666343,The Lovely Bones: A Novel,Alice Sebold,http://images.amazon.com/images/P/0316666343.01.LZZZZZZZ.jpg,0.0,261,3.2,$69.99
0440224675,Hannibal,Thomas Harris,http://images.amazon.com/images/P/0440224675.01.LZZZZZZZ.jpg,0.0,180,1.8,$79.99
0553569058,The Robber Bride,Margaret Atwood,http://images.amazon.com/images/P/0553569058.01.LZZZZZZZ.jpg,0.0,78,1.4,$59.99
0345424719,A Widow for One Year,JOHN IRVING,http://images.amazon.com/images/P/0345424719.01.LZZZZZZZ.jpg,10.0,96,1.1,$79.99
0375726403,Empire Falls,Richard Russo,http://images.amazon.com/images/P/0375726403.01.LZZZZZZZ.jpg,0.0,102,2.4,$49.99
0385503857,Oryx and Crake,Margaret Atwood,http://images.amazon.com/images/P/0385503857.01.LZZZZZZZ.jpg,9.0,57,1.6,$49.99
0440226104,Black and Blue,ANNA QUINDLEN,http://images.amazon.com/images/P/0440226104.01.LZZZZZZZ.jpg,7.0,95,1.4,$89.99
0671021001,She's Come Undone (Oprah's Book Club),Wally Lamb,http://images.amazon.com/images/P/0671021001.01.LZZZZZZZ.jpg,7.0,123,2.0,$79.99
0805063897,Nickel and Dimed: On (Not) Getting By in America,Barbara Ehrenreich,http://images.amazon.com/images/P/0805063897.01.LZZZZZZZ.jpg,10.0,112,3.1,$59.99
0842329129,Left Behind: A Novel of the Earth's Last Days (Left Behind No. 1),Tim Lahaye,http://images.amazon.com/images/P/0842329129.01.LZZZZZZZ.jpg,9.0,99,3.2,$59.99
0786868015,The Diary of Ellen Rimbauer: My Life at Rose Red,Joyce Reardon,http://images.amazon.com/images/P/0786868015.01.LZZZZZZZ.jpg,0.0,65,2.2,$59.99
0060915544,The Bean Trees,Barbara Kingsolver,http://images.amazon.com/images/P/0060915544.01.LZZZZZZZ.jpg,8.0,129,2.7,$59.99
0312195516,The Red Tent (Bestselling Backlist),Anita Diamant,http://images.amazon.com/images/P/0312195516.01.LZZZZZZZ.jpg,0.0,167,3.1,$79.99
0312278586,The Nanny Diaries: A Novel,Emma McLaughlin,http://images.amazon.com/images/P/0312278586.01.LZZZZZZZ.jpg,0.0,221,2.0,$69.99
0380710218,Postmortem,Patricia Daniels Cornwell,http://images.amazon.com/images/P/0380710218.01.LZZZZZZZ.jpg,0.0,77,2.5,$59.99
0671673688,While My Pretty One Sleeps,Mary Higgins Clark,http://images.amazon.com/images/P/0671673688.01.LZZZZZZZ.jpg,0.0,73,0.9,$69.99
0385721420,Three Junes,JULIA GLASS,http://images.amazon.com/images/P/0385721420.01.LZZZZZZZ.jpg,7.0,80,1.9,$59.99
0451202341,Back Roads,Tawni O'Dell,http://images.amazon.com/images/P/0451202341.01.LZZZZZZZ.jpg,0.0,115,1.5,$69.99
0743418190,In Her Shoes : A Novel,Jennifer Weiner,http://images.amazon.com/images/P/0743418190.01.LZZZZZZZ.jpg,0.0,78,2.7,$69.99
0385335407,The Kiss,Danielle Steel,http://images.amazon.com/images/P/0385335407.01.LZZZZZZZ.jpg,0.0,76,1.8,$49.99
0425181111,Strangers,Dean R. Koontz,http://images.amazon.com/images/P/0425181111.01.LZZZZZZZ.jpg,0.0,57,1.8,$89.99
0449907481,A Thousand Acres (Ballantine Reader's Circle),JANE SMILEY,http://images.amazon.com/images/P/0449907481.01.LZZZZZZZ.jpg,0.0,76,1.1,$59.99
0515127833,River's End,Nora Roberts,http://images.amazon.com/images/P/0515127833.01.LZZZZZZZ.jpg,0.0,77,1.7,$79.99
0385424728,The Chamber,John Grisham,http://images.amazon.com/images/P/0385424728.01.LZZZZZZZ.jpg,0.0,177,1.9,$89.99
0385472951,The Partner,John Grisham,http://images.amazon.com/images/P/0385472951.01.LZZZZZZZ.jpg,0.0,152,2.2,$49.99
0425182878,Chosen Prey,John Sandford,http://images.amazon.com/images/P/0425182878.01.LZZZZZZZ.jpg,0.0,72,2.0,$59.99
0553564528,Guilty as Sin,TAMI HOAG,http://images.amazon.com/images/P/0553564528.01.LZZZZZZZ.jpg,0.0,62,1.0,$69.99
055356451X,Night Sins,TAMI HOAG,http://images.amazon.com/images/P/055356451X.01.LZZZZZZZ.jpg,0.0,76,1.8,$79.99
0345313860,"The Vampire Lestat (Vampire Chronicles, Book II)",ANNE RICE,http://images.amazon.com/images/P/0345313860.01.LZZZZZZZ.jpg,0.0,118,2.6,$49.99
0345369947,The Mummy or Ramses the Damned,Anne Rice,http://images.amazon.com/images/P/0345369947.01.LZZZZZZZ.jpg,0.0,79,2.4,$49.99
0385306032,Vanished,Danielle Steel,http://images.amazon.com/images/P/0385306032.01.LZZZZZZZ.jpg,0.0,66,1.4,$59.99
0446394521,Daisy Fay and the Miracle Man,Fannie Flagg,http://images.amazon.com/images/P/0446394521.01.LZZZZZZZ.jpg,0.0,77,1.4,$89.99
068484267X,Angela's Ashes: A Memoir,Frank McCourt,http://images.amazon.com/images/P/068484267X.01.LZZZZZZZ.jpg,10.0,80,2.9,$59.99
0553578693,The Next Accident,LISA GARDNER,http://images.amazon.com/images/P/0553578693.01.LZZZZZZZ.jpg,10.0,62,1.4,$79.99
0060938455,Fast Food Nation: The Dark Side of the All-American Meal,Eric Schlosser,http://images.amazon.com/images/P/0060938455.01.LZZZZZZZ.jpg,0.0,88,3.0,$89.99
0440122090,Echoes,Maeve Binchy,http://images.amazon.com/images/P/0440122090.01.LZZZZZZZ.jpg,0.0,54,1.8,$69.99
0061009059,One for the Money (Stephanie Plum Novels (Paperback)),Janet Evanovich,http://images.amazon.com/images/P/0061009059.01.LZZZZZZZ.jpg,9.0,106,2.5,$59.99
0446364193,Along Came a Spider (Alex Cross Novels),James Patterson,http://images.amazon.com/images/P/0446364193.01.LZZZZZZZ.jpg,0.0,130,1.4,$79.99
0446672211,Where the Heart Is (Oprah's Book Club (Paperback)),Billie Letts,http://images.amazon.com/images/P/0446672211.01.LZZZZZZZ.jpg,0.0,178,2.3,$49.99
0140293248,The Girls' Guide to Hunting and Fishing,Melissa Bank,http://images.amazon.com/images/P/0140293248.01.LZZZZZZZ.jpg,0.0,185,1.7,$69.99
0142000205,Icy Sparks,Gwyn Hyman Rubio,http://images.amazon.com/images/P/0142000205.01.LZZZZZZZ.jpg,0.0,94,1.8,$59.99
0385504209,The Da Vinci Code,Dan Brown,http://images.amazon.com/images/P/0385504209.01.LZZZZZZZ.jpg,8.0,216,3.2,$79.99
0385500769,A Map of the World,Jane Hamilton,http://images.amazon.com/images/P/0385500769.01.LZZZZZZZ.jpg,0.0,116,1.4,$49.99
0425184129,Big Trouble,Dave Barry,http://images.amazon.com/images/P/0425184129.01.LZZZZZZZ.jpg,5.0,75,1.6,$49.99
0151001006,Snow Falling on Cedars,David Guterson,http://images.amazon.com/images/P/0151001006.01.LZZZZZZZ.jpg,0.0,200,1.9,$69.99
0385505833,Skipping Christmas,JOHN GRISHAM,http://images.amazon.com/images/P/0385505833.01.LZZZZZZZ.jpg,5.0,100,2.9,$59.99
0679442790,The Reader,Bernhard Schlink,http://images.amazon.com/images/P/0679442790.01.LZZZZZZZ.jpg,0.0,138,1.7,$59.99
0743206045,Daddy's Little Girl,Mary Higgins Clark,http://images.amazon.com/images/P/0743206045.01.LZZZZZZZ.jpg,0.0,93,1.8,$79.99
0743406176,If Only It Were True,Marc Levy,http://images.amazon.com/images/P/0743406176.01.LZZZZZZZ.jpg,8.0,52,1.8,$79.99
0446523569,Message in a Bottle,Nicholas Sparks,http://images.amazon.com/images/P/0446523569.01.LZZZZZZZ.jpg,0.0,205,1.2,$59.99
0446527793,The Guardian,Nicholas Sparks,http://images.amazon.com/images/P/0446527793.01.LZZZZZZZ.jpg,10.0,71,2.0,$59.99
0446531332,Nights in Rodanthe,Nicholas Sparks,http://images.amazon.com/images/P/0446531332.01.LZZZZZZZ.jpg,0.0,61,1.7,$79.99
0345339711,"The Two Towers (The Lord of the Rings, Part 2)",J.R.R. TOLKIEN,http://images.amazon.com/images/P/0345339711.01.LZZZZZZZ.jpg,0.0,78,3.8,$79.99
0399147128,The Villa,Nora Roberts,http://images.amazon.com/images/P/0399147128.01.LZZZZZZZ.jpg,0.0,97,1.5,$89.99
0316969443,Suzanne's Diary for Nicholas,James Patterson,http://images.amazon.com/images/P/0316969443.01.LZZZZZZZ.jpg,7.0,139,2.4,$79.99
0316693200,2nd Chance,James Patterson,http://images.amazon.com/images/P/0316693200.01.LZZZZZZZ.jpg,0.0,122,2.5,$59.99
0064407667,"The Bad Beginning (A Series of Unfortunate Events, Book 1)",Lemony Snicket,http://images.amazon.com/images/P/0064407667.01.LZZZZZZZ.jpg,0.0,92,2.7,$89.99
0316776963,Me Talk Pretty One Day,David Sedaris,http://images.amazon.com/images/P/0316776963.01.LZZZZZZZ.jpg,8.0,141,2.3,$79.99
0451181379,The Door to December,Dean R. Koontz,http://images.amazon.com/images/P/0451181379.01.LZZZZZZZ.jpg,0.0,90,1.0,$49.99
0743211383,Dreamcatcher,Stephen King,http://images.amazon.com/images/P/0743211383.01.LZZZZZZZ.jpg,8.0,159,2.4,$49.99
0440218535,Smilla's Sense of Snow,Peter Hoeg,http://images.amazon.com/images/P/0440218535.01.LZZZZZZZ.jpg,0.0,81,1.0,$59.99
0440219078,The Giver (21st Century Reference),LOIS LOWRY,http://images.amazon.com/images/P/0440219078.01.LZZZZZZZ.jpg,8.0,54,2.6,$59.99
0312853238,Ender's Game (Ender Wiggins Saga (Paperback)),Orson Scott Card,http://images.amazon.com/images/P/0312853238.01.LZZZZZZZ.jpg,0.0,62,3.3,$79.99
0440211727,A Time to Kill,JOHN GRISHAM,http://images.amazon.com/images/P/0440211727.01.LZZZZZZZ.jpg,8.0,208,2.1,$89.99
0345404777,No Safe Place,RICHARD NORTH PATTERSON,http://images.amazon.com/images/P/0345404777.01.LZZZZZZZ.jpg,0.0,53,0.4,$69.99
0440224829,Granny Dan,DANIELLE STEEL,http://images.amazon.com/images/P/0440224829.01.LZZZZZZZ.jpg,0.0,53,1.4,$59.99
0553212583,Wuthering Heights,EMILY BRONTE,http://images.amazon.com/images/P/0553212583.01.LZZZZZZZ.jpg,0.0,74,1.7,$49.99
0425166619,Toxin,Robin Cook,http://images.amazon.com/images/P/0425166619.01.LZZZZZZZ.jpg,6.0,55,1.5,$59.99
0553561618,Dark Paradise,TAMI HOAG,http://images.amazon.com/images/P/0553561618.01.LZZZZZZZ.jpg,0.0,71,1.3,$89.99
0312422156,Middlesex: A Novel,Jeffrey Eugenides,http://images.amazon.com/images/P/0312422156.01.LZZZZZZZ.jpg,0.0,91,2.4,$49.99
044022165X,The Rainmaker,JOHN GRISHAM,http://images.amazon.com/images/P/044022165X.01.LZZZZZZZ.jpg,0.0,176,1.7,$89.99
0425124347,The Bad Place,Dean R. Koontz,http://images.amazon.com/images/P/0425124347.01.LZZZZZZZ.jpg,0.0,59,2.1,$79.99
0449134482,Dances With Wolves,Michael Blake,http://images.amazon.com/images/P/0449134482.01.LZZZZZZZ.jpg,0.0,64,1.1,$69.99
034538184X,Degree of Guilt,Richard North Patterson,http://images.amazon.com/images/P/034538184X.01.LZZZZZZZ.jpg,0.0,59,1.2,$49.99
0671510053,SHIPPING NEWS,Annie Proulx,http://images.amazon.com/images/P/0671510053.01.LZZZZZZZ.jpg,0.0,110,1.9,$69.99
0385334036,The Smoke Jumper,Nicholas Evans,http://images.amazon.com/images/P/0385334036.01.LZZZZZZZ.jpg,1.0,74,0.8,$89.99
055321313X,Anne of Green Gables (Anne of Green Gables Novels (Paperback)),L.M. MONTGOMERY,http://images.amazon.com/images/P/055321313X.01.LZZZZZZZ.jpg,0.0,88,3.2,$59.99
0743237188,Fall On Your Knees (Oprah #45),Ann-Marie MacDonald,http://images.amazon.com/images/P/0743237188.01.LZZZZZZZ.jpg,0.0,90,2.1,$89.99
0440216842,The Carousel,Belva Plain,http://images.amazon.com/images/P/0440216842.01.LZZZZZZZ.jpg,7.0,54,1.6,$49.99
0345443284,While I Was Gone,Sue Miller,http://images.amazon.com/images/P/0345443284.01.LZZZZZZZ.jpg,10.0,137,1.8,$49.99
0553273914,The House of the Spirits,Isabel Allende,http://images.amazon.com/images/P/0553273914.01.LZZZZZZZ.jpg,0.0,65,1.1,$89.99
0060928336,Divine Secrets of the Ya-Ya Sisterhood: A Novel,Rebecca Wells,http://images.amazon.com/images/P/0060928336.01.LZZZZZZZ.jpg,0.0,225,1.9,$49.99
0671003755,She's Come Undone (Oprah's Book Club (Paperback)),Wally Lamb,http://images.amazon.com/images/P/0671003755.01.LZZZZZZZ.jpg,0.0,128,2.2,$69.99
0684844729,STONES FROM THE RIVER,Ursula Hegi,http://images.amazon.com/images/P/0684844729.01.LZZZZZZZ.jpg,0.0,133,1.9,$69.99
0440215625,Dragonfly in Amber,DIANA GABALDON,http://images.amazon.com/images/P/0440215625.01.LZZZZZZZ.jpg,10.0,70,3.4,$79.99
0316777730,Naked,David Sedaris,http://images.amazon.com/images/P/0316777730.01.LZZZZZZZ.jpg,0.0,51,2.4,$89.99
0446601241,Kiss the Girls,James Patterson,http://images.amazon.com/images/P/0446601241.01.LZZZZZZZ.jpg,8.0,115,2.1,$69.99
0451124340,Different Seasons,Stephen King,http://images.amazon.com/images/P/0451124340.01.LZZZZZZZ.jpg,0.0,52,2.7,$79.99
0345384466,The Witching Hour (Lives of the Mayfair Witches),ANNE RICE,http://images.amazon.com/images/P/0345384466.01.LZZZZZZZ.jpg,0.0,101,2.3,$49.99
0446604801,Jack &amp; Jill (Alex Cross Novels),James Patterson,http://images.amazon.com/images/P/0446604801.01.LZZZZZZZ.jpg,0.0,75,1.5,$89.99
0380789035,American Gods,Neil Gaiman,http://images.amazon.com/images/P/0380789035.01.LZZZZZZZ.jpg,0.0,92,1.9,$79.99
0440206154,Red Dragon,Thomas Harris,http://images.amazon.com/images/P/0440206154.01.LZZZZZZZ.jpg,0.0,148,2.0,$69.99
0345370775,Jurassic Park,Michael Crichton,http://images.amazon.com/images/P/0345370775.01.LZZZZZZZ.jpg,0.0,171,2.4,$59.99
0373484224,Stanislaski Brothers (Silhouette Promo),Nora Roberts,http://images.amazon.com/images/P/0373484224.01.LZZZZZZZ.jpg,0.0,51,1.9,$89.99
0380789019,Neverwhere,Neil Gaiman,http://images.amazon.com/images/P/0380789019.01.LZZZZZZZ.jpg,0.0,69,3.1,$59.99
0380018179,The Thorn Birds,Colleen McCullough,http://images.amazon.com/images/P/0380018179.01.LZZZZZZZ.jpg,0.0,106,2.1,$69.99
067101420X,"Forever... : A Novel of Good and Evil, Love and Hope",Jude Deveraux,http://images.amazon.com/images/P/067101420X.01.LZZZZZZZ.jpg,4.0,54,1.7,$89.99
0786866276,Mother of Pearl,Melinda Haynes,http://images.amazon.com/images/P/0786866276.01.LZZZZZZZ.jpg,0.0,53,1.1,$49.99
0385720920,Choke,CHUCK PALAHNIUK,http://images.amazon.com/images/P/0385720920.01.LZZZZZZZ.jpg,0.0,51,1.4,$69.99
0380813815,"Lamb : The Gospel According to Biff, Christ's Childhood Pal",Christopher Moore,http://images.amazon.com/images/P/0380813815.01.LZZZZZZZ.jpg,10.0,63,3.5,$49.99
0140099832,Lake Wobegon Days,Garrison Keillor,http://images.amazon.com/images/P/0140099832.01.LZZZZZZZ.jpg,9.0,52,1.8,$89.99
1573225789,The Color of Water: A Black Man's Tribute to His White Mother,James McBride,http://images.amazon.com/images/P/1573225789.01.LZZZZZZZ.jpg,0.0,82,2.7,$89.99
0553296981,Anne Frank: The Diary of a Young Girl,ANNE FRANK,http://images.amazon.com/images/P/0553296981.01.LZZZZZZZ.jpg,0.0,62,3.7,$89.99
0385335881,Shopaholic Takes Manhattan (Summer Display Opportunity),Sophie Kinsella,http://images.amazon.com/images/P/0385335881.01.LZZZZZZZ.jpg,0.0,76,3.1,$49.99
0385335482,Confessions of a Shopaholic (Summer Display Opportunity),SOPHIE KINSELLA,http://images.amazon.com/images/P/0385335482.01.LZZZZZZZ.jpg,0.0,115,2.6,$89.99
0553258001,The Cider House Rules,John Irving,http://images.amazon.com/images/P/0553258001.01.LZZZZZZZ.jpg,8.0,146,1.5,$59.99
0441003257,Good Omens,Neil Gaiman,http://images.amazon.com/images/P/0441003257.01.LZZZZZZZ.jpg,0.0,54,2.1,$89.99
0060930535,The Poisonwood Bible: A Novel,Barbara Kingsolver,http://images.amazon.com/images/P/0060930535.01.LZZZZZZZ.jpg,0.0,130,1.4,$59.99
0375702709,A Lesson Before Dying (Vintage Contemporaries (Paperback)),Ernest J. Gaines,http://images.amazon.com/images/P/0375702709.01.LZZZZZZZ.jpg,0.0,59,1.5,$69.99
0671038184,Jewel,Bret Lott,http://images.amazon.com/images/P/0671038184.01.LZZZZZZZ.jpg,10.0,78,1.9,$89.99
0345361792,A Prayer for Owen Meany,John Irving,http://images.amazon.com/images/P/0345361792.01.LZZZZZZZ.jpg,0.0,134,2.0,$89.99
038531258X,Cold Sassy Tree,Olive Ann Burns,http://images.amazon.com/images/P/038531258X.01.LZZZZZZZ.jpg,7.0,93,2.1,$69.99
0743225406,The Shipping News : A Novel,Annie Proulx,http://images.amazon.com/images/P/0743225406.01.LZZZZZZZ.jpg,0.0,71,1.1,$89.99
1400034779,The No. 1 Ladies' Detective Agency (Today Show Book Club #8),Alexander McCall Smith,http://images.amazon.com/images/P/1400034779.01.LZZZZZZZ.jpg,0.0,128,2.2,$59.99
037570504X,"Breath, Eyes, Memory",Edwidge Danticat,http://images.amazon.com/images/P/037570504X.01.LZZZZZZZ.jpg,5.0,67,1.5,$69.99
0140244824,Songs in Ordinary Time (Oprah's Book Club (Paperback)),Mary McGarry Morris,http://images.amazon.com/images/P/0140244824.01.LZZZZZZZ.jpg,0.0,92,0.8,$49.99
0385324057,Summer Sisters,Judy Blume,http://images.amazon.com/images/P/0385324057.01.LZZZZZZZ.jpg,0.0,184,1.6,$89.99
014025448X,At Home in Mitford (The Mitford Years),Jan Karon,http://images.amazon.com/images/P/014025448X.01.LZZZZZZZ.jpg,0.0,86,2.2,$79.99
0060934417,Bel Canto: A Novel,Ann Patchett,http://images.amazon.com/images/P/0060934417.01.LZZZZZZZ.jpg,0.0,104,2.6,$59.99
0671793489,All Around the Town,Mary Higgins Clark,http://images.amazon.com/images/P/0671793489.01.LZZZZZZZ.jpg,0.0,82,2.3,$89.99
0679772677,A Civil Action,JONATHAN HARR,http://images.amazon.com/images/P/0679772677.01.LZZZZZZZ.jpg,0.0,60,0.6,$69.99
0312983824,Faking It,Jennifer Crusie,http://images.amazon.com/images/P/0312983824.01.LZZZZZZZ.jpg,7.0,96,1.6,$59.99
0440224624,The Loop,Nicholas Evans,http://images.amazon.com/images/P/0440224624.01.LZZZZZZZ.jpg,0.0,71,1.4,$59.99
0743418174,Good in Bed,Jennifer Weiner,http://images.amazon.com/images/P/0743418174.01.LZZZZZZZ.jpg,0.0,167,2.8,$89.99
0671004565,We'll Meet Again,Mary Higgins Clark,http://images.amazon.com/images/P/0671004565.01.LZZZZZZZ.jpg,0.0,87,1.4,$79.99
0345370805,How to Make an American Quilt,Whitney Otto,http://images.amazon.com/images/P/0345370805.01.LZZZZZZZ.jpg,0.0,83,1.7,$59.99
0375703055,Ellen Foster,Kaye Gibbons,http://images.amazon.com/images/P/0375703055.01.LZZZZZZZ.jpg,0.0,85,2.0,$49.99
0312243022,The Hours : A Novel,Michael Cunningham,http://images.amazon.com/images/P/0312243022.01.LZZZZZZZ.jpg,7.0,57,1.7,$69.99
0375700757,Cold Mountain : A Novel,CHARLES FRAZIER,http://images.amazon.com/images/P/0375700757.01.LZZZZZZZ.jpg,0.0,89,2.1,$49.99
0070212570,Fried Green Tomatoes at the Whistle Stop Cafe,Fannie Flagg,http://images.amazon.com/images/P/0070212570.01.LZZZZZZZ.jpg,0.0,127,2.0,$79.99
0316781266,The Last Time They Met : A Novel,Anita Shreve,http://images.amazon.com/images/P/0316781266.01.LZZZZZZZ.jpg,0.0,85,1.6,$89.99
0671032658,The Green Mile,Stephen King,http://images.amazon.com/images/P/0671032658.01.LZZZZZZZ.jpg,0.0,88,2.1,$49.99
0375725784,A Heartbreaking Work of Staggering Genius,Dave Eggers,http://images.amazon.com/images/P/0375725784.01.LZZZZZZZ.jpg,0.0,66,1.7,$59.99
0345339703,"The Fellowship of the Ring (The Lord of the Rings, Part 1)",J.R.R. TOLKIEN,http://images.amazon.com/images/P/0345339703.01.LZZZZZZZ.jpg,0.0,101,3.6,$59.99
038039586X,Watership Down,Richard George Adams,http://images.amazon.com/images/P/038039586X.01.LZZZZZZZ.jpg,9.0,114,2.8,$69.99
0671042262,The Blue Nowhere : A Novel,Jeffery Deaver,http://images.amazon.com/images/P/0671042262.01.LZZZZZZZ.jpg,0.0,61,1.6,$59.99
0425157539,Sudden Prey,John Sandford,http://images.amazon.com/images/P/0425157539.01.LZZZZZZZ.jpg,0.0,54,1.6,$49.99
0679731148,A Year in Provence,Peter Mayle,http://images.amazon.com/images/P/0679731148.01.LZZZZZZZ.jpg,9.0,51,2.2,$59.99
0316693324,When the Wind Blows,James Patterson,http://images.amazon.com/images/P/0316693324.01.LZZZZZZZ.jpg,0.0,168,2.0,$49.99
031231616X,I Capture the Castle,Dodie Smith,http://images.amazon.com/images/P/031231616X.01.LZZZZZZZ.jpg,0.0,63,2.6,$59.99
089480829X,What to Expect When You're Expecting (Revised Edition),Arlene Eisenberg,http://images.amazon.com/images/P/089480829X.01.LZZZZZZZ.jpg,0.0,59,2.4,$79.99
0062502174,The Alchemist: A Fable About Following Your Dream,Paulo Coelho,http://images.amazon.com/images/P/0062502174.01.LZZZZZZZ.jpg,0.0,58,3.2,$49.99
0688177751,Miss Julia Speaks Her Mind : A Novel,Ann B. Ross,http://images.amazon.com/images/P/0688177751.01.LZZZZZZZ.jpg,0.0,59,2.4,$59.99
0345438329,Big Stone Gap: A Novel (Ballantine Reader's Circle),Adriana Trigiani,http://images.amazon.com/images/P/0345438329.01.LZZZZZZZ.jpg,0.0,73,3.0,$49.99
0399145087,Black Notice,Patricia Daniels Cornwell,http://images.amazon.com/images/P/0399145087.01.LZZZZZZZ.jpg,0.0,121,1.2,$49.99
0312990456,One for the Money (A Stephanie Plum Novel),Janet Evanovich,http://images.amazon.com/images/P/0312990456.01.LZZZZZZZ.jpg,9.0,63,3.6,$89.99
0399501487,Lord of the Flies,William Gerald Golding,http://images.amazon.com/images/P/0399501487.01.LZZZZZZZ.jpg,9.0,111,3.1,$59.99
0553572997,The Alienist,Caleb Carr,http://images.amazon.com/images/P/0553572997.01.LZZZZZZZ.jpg,0.0,135,1.8,$59.99
0440208912,Harvest,BELVA PLAIN,http://images.amazon.com/images/P/0440208912.01.LZZZZZZZ.jpg,0.0,51,1.0,$79.99
0373218192,Engaging The Enemy,Nora Roberts,http://images.amazon.com/images/P/0373218192.01.LZZZZZZZ.jpg,8.0,51,1.5,$89.99
0385494785,Into Thin Air : A Personal Account of the Mt. Everest Disaster,JON KRAKAUER,http://images.amazon.com/images/P/0385494785.01.LZZZZZZZ.jpg,8.0,125,1.7,$59.99
0385486804,Into the Wild,Jon Krakauer,http://images.amazon.com/images/P/0385486804.01.LZZZZZZZ.jpg,9.0,70,2.0,$59.99
0425158616,Cause of Death,Patricia Daniels Cornwell,http://images.amazon.com/images/P/0425158616.01.LZZZZZZZ.jpg,0.0,117,1.5,$49.99
0060175400,The Poisonwood Bible,Barbara Kingsolver,http://images.amazon.com/images/P/0060175400.01.LZZZZZZZ.jpg,0.0,63,2.3,$69.99
0671537458,Waiting to Exhale,Terry McMillan,http://images.amazon.com/images/P/0671537458.01.LZZZZZZZ.jpg,0.0,67,0.7,$89.99
0425161242,Chromosome 6,Robin Cook,http://images.amazon.com/images/P/0425161242.01.LZZZZZZZ.jpg,0.0,54,1.1,$49.99
0425169863,Point of Origin,Patricia Daniels Cornwell,http://images.amazon.com/images/P/0425169863.01.LZZZZZZZ.jpg,0.0,111,1.9,$89.99
0345380371,Rising Sun,MICHAEL CRICHTON,http://images.amazon.com/images/P/0345380371.01.LZZZZZZZ.jpg,0.0,110,1.1,$69.99
0316690619,Cradle and All,James Patterson,http://images.amazon.com/images/P/0316690619.01.LZZZZZZZ.jpg,0.0,107,2.0,$59.99
0446610038,1st to Die: A Novel,James Patterson,http://images.amazon.com/images/P/0446610038.01.LZZZZZZZ.jpg,9.0,160,2.4,$49.99
0679459626,Flesh and Blood,Jonathan Kellerman,http://images.amazon.com/images/P/0679459626.01.LZZZZZZZ.jpg,0.0,98,1.6,$49.99
0743457358,Everything's Eventual : 14 Dark Tales,Stephen King,http://images.amazon.com/images/P/0743457358.01.LZZZZZZZ.jpg,0.0,61,2.3,$79.99
0425167313,Here on Earth,Alice Hoffman,http://images.amazon.com/images/P/0425167313.01.LZZZZZZZ.jpg,0.0,88,1.2,$59.99
034540288X,The Lost World,Michael Crichton,http://images.amazon.com/images/P/034540288X.01.LZZZZZZZ.jpg,0.0,101,1.3,$89.99
0446519960,Absolute Power,David Baldacci,http://images.amazon.com/images/P/0446519960.01.LZZZZZZZ.jpg,0.0,67,0.9,$59.99
0316182540,White Oleander : A Novel,Janet Fitch,http://images.amazon.com/images/P/0316182540.01.LZZZZZZZ.jpg,0.0,115,2.4,$79.99
0553282476,CAT'S EYE,MARGARET ATWOOD,http://images.amazon.com/images/P/0553282476.01.LZZZZZZZ.jpg,0.0,54,0.6,$49.99
0449212602,The Handmaid's Tale,Margaret Atwood,http://images.amazon.com/images/P/0449212602.01.LZZZZZZZ.jpg,0.0,129,2.7,$49.99
0345413903,The Murder Book,Jonathan Kellerman,http://images.amazon.com/images/P/0345413903.01.LZZZZZZZ.jpg,10.0,85,2.1,$89.99
0553582143,Body of Lies,IRIS JOHANSEN,http://images.amazon.com/images/P/0553582143.01.LZZZZZZZ.jpg,0.0,60,1.7,$89.99
0425115801,Lightning,Dean R. Koontz,http://images.amazon.com/images/P/0425115801.01.LZZZZZZZ.jpg,0.0,132,1.6,$59.99
0671024248,Hearts In Atlantis,Stephen King,http://images.amazon.com/images/P/0671024248.01.LZZZZZZZ.jpg,0.0,63,1.5,$49.99
0553582933,Winter Moon,Dean R. Koontz,http://images.amazon.com/images/P/0553582933.01.LZZZZZZZ.jpg,0.0,59,0.8,$69.99
0671034022,Mercy,Julie Garwood,http://images.amazon.com/images/P/0671034022.01.LZZZZZZZ.jpg,0.0,80,1.9,$59.99
0446607711,The Simple Truth,David Baldacci,http://images.amazon.com/images/P/0446607711.01.LZZZZZZZ.jpg,9.0,85,1.2,$59.99
0446525804,Last Man Standing,David Baldacci,http://images.amazon.com/images/P/0446525804.01.LZZZZZZZ.jpg,0.0,64,0.6,$69.99
0451524934,1984,George Orwell,http://images.amazon.com/images/P/0451524934.01.LZZZZZZZ.jpg,9.0,70,3.2,$89.99
0345350499,The Mists of Avalon,MARION ZIMMER BRADLEY,http://images.amazon.com/images/P/0345350499.01.LZZZZZZZ.jpg,0.0,64,3.5,$79.99
0312976275,Hot Six : A Stephanie Plum Novel (A Stephanie Plum Novel),Janet Evanovich,http://images.amazon.com/images/P/0312976275.01.LZZZZZZZ.jpg,0.0,99,2.2,$59.99
0767905180,Jemima J: A Novel About Ugly Ducklings and Swans,Jane Green,http://images.amazon.com/images/P/0767905180.01.LZZZZZZZ.jpg,0.0,70,1.5,$49.99
0743482891,Now You See Her,Linda Howard,http://images.amazon.com/images/P/0743482891.01.LZZZZZZZ.jpg,0.0,51,1.6,$59.99
059035342X,Harry Potter and the Sorcerer's Stone (Harry Potter (Paperback)),J. K. Rowling,http://images.amazon.com/images/P/059035342X.01.LZZZZZZZ.jpg,0.0,177,3.3,$49.99
0316089699,Sea Glass: A Novel,Anita Shreve,http://images.amazon.com/images/P/0316089699.01.LZZZZZZZ.jpg,0.0,59,1.7,$89.99
0671708635,Seven Habits Of Highly Effective People,Stephen R. Covey,http://images.amazon.com/images/P/0671708635.01.LZZZZZZZ.jpg,8.0,52,1.9,$59.99
0345378482,The Andromeda Strain,MICHAEL CRICHTON,http://images.amazon.com/images/P/0345378482.01.LZZZZZZZ.jpg,7.0,58,2.1,$79.99
0671758896,"Loves Music, Loves to Dance",Mary Higgins Clark,http://images.amazon.com/images/P/0671758896.01.LZZZZZZZ.jpg,0.0,72,1.4,$89.99
0451177096,Dolores Claiborne,Stephen King,http://images.amazon.com/images/P/0451177096.01.LZZZZZZZ.jpg,0.0,119,1.9,$59.99
0425122123,Clear and Present Danger (Jack Ryan Novels),Tom Clancy,http://images.amazon.com/images/P/0425122123.01.LZZZZZZZ.jpg,0.0,55,1.4,$79.99
0385484518,"Tuesdays with Morrie: An Old Man, a Young Man, and Life's Greatest Lesson",MITCH ALBOM,http://images.amazon.com/images/P/0385484518.01.LZZZZZZZ.jpg,0.0,139,3.0,$89.99
0440236703,Tell No One,Harlan Coben,http://images.amazon.com/images/P/0440236703.01.LZZZZZZZ.jpg,0.0,93,1.5,$59.99
0425133540,The Sum of All Fears (Jack Ryan Novels),Tom Clancy,http://images.amazon.com/images/P/0425133540.01.LZZZZZZZ.jpg,0.0,67,1.1,$69.99
0671822209,WLD ACCORDNG GARP,John Irving,http://images.amazon.com/images/P/0671822209.01.LZZZZZZZ.jpg,0.0,52,2.0,$59.99
0446527289,The First Counsel,Brad Meltzer,http://images.amazon.com/images/P/0446527289.01.LZZZZZZZ.jpg,8.0,53,1.1,$59.99
0380731851,Mystic River,Dennis Lehane,http://images.amazon.com/images/P/0380731851.01.LZZZZZZZ.jpg,6.0,126,1.6,$59.99
0316602051,The Jester,James Patterson,http://images.amazon.com/images/P/0316602051.01.LZZZZZZZ.jpg,0.0,67,1.6,$89.99
0446604666,Sick Puppy,Carl Hiaasen,http://images.amazon.com/images/P/0446604666.01.LZZZZZZZ.jpg,0.0,63,2.4,$89.99
0553579754,Fear Nothing,DEAN KOONTZ,http://images.amazon.com/images/P/0553579754.01.LZZZZZZZ.jpg,7.0,78,2.3,$69.99
0449221482,J Is for Judgment,Sue Grafton,http://images.amazon.com/images/P/0449221482.01.LZZZZZZZ.jpg,0.0,77,2.1,$69.99
0553279912,A Is for Alibi (Kinsey Millhone Mysteries (Paperback)),SUE GRAFTON,http://images.amazon.com/images/P/0553279912.01.LZZZZZZZ.jpg,7.0,134,1.8,$69.99
0345353145,Sphere,MICHAEL CRICHTON,http://images.amazon.com/images/P/0345353145.01.LZZZZZZZ.jpg,0.0,114,1.4,$59.99
0440214041,The Pelican Brief,John Grisham,http://images.amazon.com/images/P/0440214041.01.LZZZZZZZ.jpg,9.0,229,2.0,$59.99
0140298479,Bridget Jones: The Edge of Reason,Helen Fielding,http://images.amazon.com/images/P/0140298479.01.LZZZZZZZ.jpg,0.0,72,2.4,$49.99
0786889020,Don't Stand Too Close to a Naked Man,Tim Allen,http://images.amazon.com/images/P/0786889020.01.LZZZZZZZ.jpg,0.0,73,1.6,$89.99
0345337662,Interview with the Vampire,Anne Rice,http://images.amazon.com/images/P/0345337662.01.LZZZZZZZ.jpg,0.0,170,2.5,$49.99
0345351525,The Queen of the Damned (Vampire Chronicles (Paperback)),Anne Rice,http://images.amazon.com/images/P/0345351525.01.LZZZZZZZ.jpg,0.0,92,1.6,$59.99
0449003787,"\O\"" Is for Outlaw""",SUE GRAFTON,http://images.amazon.com/images/P/0449003787.01.LZZZZZZZ.jpg,8.0,101,2.0,$79.99
0385265700,The Book of Ruth (Oprah's Book Club (Paperback)),Jane Hamilton,http://images.amazon.com/images/P/0385265700.01.LZZZZZZZ.jpg,0.0,113,1.5,$49.99
1573229326,How to Be Good,Nick Hornby,http://images.amazon.com/images/P/1573229326.01.LZZZZZZZ.jpg,0.0,75,2.0,$69.99
0671617028,The Color Purple,Alice Walker,http://images.amazon.com/images/P/0671617028.01.LZZZZZZZ.jpg,0.0,115,3.0,$79.99
0440224772,Mirror Image,Danielle Steel,http://images.amazon.com/images/P/0440224772.01.LZZZZZZZ.jpg,0.0,69,1.5,$59.99
0446605239,The Notebook,Nicholas Sparks,http://images.amazon.com/images/P/0446605239.01.LZZZZZZZ.jpg,0.0,238,2.0,$59.99
0553295977,Carnal Innocence,Nora Roberts,http://images.amazon.com/images/P/0553295977.01.LZZZZZZZ.jpg,0.0,53,2.0,$89.99
0671004549,You Belong To Me,Mary Higgins Clark,http://images.amazon.com/images/P/0671004549.01.LZZZZZZZ.jpg,0.0,55,1.5,$49.99
0802139256,Peace Like a River,Leif Enger,http://images.amazon.com/images/P/0802139256.01.LZZZZZZZ.jpg,0.0,57,2.5,$69.99
055356160X,Cry Wolf,TAMI HOAG,http://images.amazon.com/images/P/055356160X.01.LZZZZZZZ.jpg,9.0,56,1.2,$59.99
0515120618,Montana Sky,Nora Roberts,http://images.amazon.com/images/P/0515120618.01.LZZZZZZZ.jpg,9.0,58,2.1,$79.99
0515130389,Carolina Moon,Nora Roberts,http://images.amazon.com/images/P/0515130389.01.LZZZZZZZ.jpg,8.0,88,2.0,$49.99
0515135062,Three Fates,Nora Roberts,http://images.amazon.com/images/P/0515135062.01.LZZZZZZZ.jpg,9.0,81,2.2,$59.99
0743412028,Pay It Forward,Catherine Ryan Hyde,http://images.amazon.com/images/P/0743412028.01.LZZZZZZZ.jpg,9.0,66,1.9,$89.99
0452269571,Bastard Out of Carolina,Dorothy Allison,http://images.amazon.com/images/P/0452269571.01.LZZZZZZZ.jpg,0.0,61,2.9,$69.99
051513287X,Face the Fire (Three Sisters Island Trilogy),Nora Roberts,http://images.amazon.com/images/P/051513287X.01.LZZZZZZZ.jpg,0.0,98,1.8,$59.99
0060392452,Stupid White Men ...and Other Sorry Excuses for the State of the Nation!,Michael Moore,http://images.amazon.com/images/P/0060392452.01.LZZZZZZZ.jpg,0.0,76,3.8,$69.99
0590353403,Harry Potter and the Sorcerer's Stone (Book 1),J. K. Rowling,http://images.amazon.com/images/P/0590353403.01.LZZZZZZZ.jpg,9.0,75,4.9,$49.99
0446532231,"Dude, Where's My Country?",Michael Moore,http://images.amazon.com/images/P/0446532231.01.LZZZZZZZ.jpg,10.0,54,3.8,$49.99
0449702545,Homecoming,Cynthia Voigt,http://images.amazon.com/images/P/0449702545.01.LZZZZZZZ.jpg,0.0,60,2.1,$59.99
0425101452,Phantoms,Dean R. Koontz,http://images.amazon.com/images/P/0425101452.01.LZZZZZZZ.jpg,9.0,65,1.9,$79.99
0684874350,ANGELA'S ASHES,Frank McCourt,http://images.amazon.com/images/P/0684874350.01.LZZZZZZZ.jpg,0.0,79,2.9,$89.99
0446611212,Violets Are Blue,James Patterson,http://images.amazon.com/images/P/0446611212.01.LZZZZZZZ.jpg,0.0,149,1.9,$69.99
0316168688,The Dogs of Babel (Today Show Book Club #12),Carolyn Parkhurst,http://images.amazon.com/images/P/0316168688.01.LZZZZZZZ.jpg,0.0,53,2.1,$89.99
0425155943,Contagion,Robin Cook,http://images.amazon.com/images/P/0425155943.01.LZZZZZZZ.jpg,0.0,55,1.3,$49.99
034538475X,The Tale of the Body Thief (Vampire Chronicles (Paperback)),Anne Rice,http://images.amazon.com/images/P/034538475X.01.LZZZZZZZ.jpg,0.0,78,2.5,$49.99
0380718340,Cruel &amp; Unusual (Kay Scarpetta Mysteries (Paperback)),Patricia D. Cornwell,http://images.amazon.com/images/P/0380718340.01.LZZZZZZZ.jpg,0.0,89,2.6,$59.99
0451153553,Misery,Stephen King,http://images.amazon.com/images/P/0451153553.01.LZZZZZZZ.jpg,0.0,115,2.5,$49.99
0142001805,The Eyre Affair: A Novel,Jasper Fforde,http://images.amazon.com/images/P/0142001805.01.LZZZZZZZ.jpg,0.0,52,2.0,$89.99
0425147622,The Body Farm,Patricia Daniels Cornwell,http://images.amazon.com/images/P/0425147622.01.LZZZZZZZ.jpg,0.0,94,1.6,$79.99
0451180410,Mortal Fear,Greg Iles,http://images.amazon.com/images/P/0451180410.01.LZZZZZZZ.jpg,0.0,60,1.2,$49.99
0553582763,By the Light of the Moon,DEAN KOONTZ,http://images.amazon.com/images/P/0553582763.01.LZZZZZZZ.jpg,7.0,56,2.2,$69.99
0425188809,Watchers,Dean R. Koontz,http://images.amazon.com/images/P/0425188809.01.LZZZZZZZ.jpg,2.0,70,2.8,$69.99
0345384369,Intensity,DEAN KOONTZ,http://images.amazon.com/images/P/0345384369.01.LZZZZZZZ.jpg,0.0,69,2.3,$59.99
034539657X,Dark Rivers of the Heart,Dean R. Koontz,http://images.amazon.com/images/P/034539657X.01.LZZZZZZZ.jpg,8.0,57,1.9,$69.99
0425144429,Mr. Murder,Dean R. Koontz,http://images.amazon.com/images/P/0425144429.01.LZZZZZZZ.jpg,0.0,73,1.7,$79.99
0312305060,The Hours: A Novel,Michael Cunningham,http://images.amazon.com/images/P/0312305060.01.LZZZZZZZ.jpg,0.0,88,1.6,$59.99
0451204948,A Day Late and a Dollar Short,Terry McMillan,http://images.amazon.com/images/P/0451204948.01.LZZZZZZZ.jpg,10.0,53,1.2,$69.99
0399144137,Rainbow Six,Tom Clancy,http://images.amazon.com/images/P/0399144137.01.LZZZZZZZ.jpg,9.0,51,2.1,$49.99
0399146431,The Bonesetter's Daughter,Amy Tan,http://images.amazon.com/images/P/0399146431.01.LZZZZZZZ.jpg,9.0,133,2.0,$69.99
0399141146,The Hundred Secret Senses,Amy Tan,http://images.amazon.com/images/P/0399141146.01.LZZZZZZZ.jpg,0.0,129,1.8,$49.99
0375706771,Midwives: A Novel,Chris Bohjalian,http://images.amazon.com/images/P/0375706771.01.LZZZZZZZ.jpg,0.0,140,2.1,$59.99
0452260116,Song of Solomon (Oprah's Book Club (Paperback)),Toni Morrison,http://images.amazon.com/images/P/0452260116.01.LZZZZZZZ.jpg,9.0,55,0.9,$89.99
0060987561,I Know This Much Is True,Wally Lamb,http://images.amazon.com/images/P/0060987561.01.LZZZZZZZ.jpg,0.0,86,2.4,$49.99
0312265867,To the Nines: A Stephanie Plum Novel,Janet Evanovich,http://images.amazon.com/images/P/0312265867.01.LZZZZZZZ.jpg,9.0,63,3.4,$69.99
0446603309,The Witness,Sandra Brown,http://images.amazon.com/images/P/0446603309.01.LZZZZZZZ.jpg,0.0,55,1.9,$49.99
0786881852,Don't Sweat the Small Stuff and It's All Small Stuff : Simple Ways to Keep the Little Things from Taking Over Your Life (Don't Sweat the Small Stuff Series),Richard Carlson,http://images.amazon.com/images/P/0786881852.01.LZZZZZZZ.jpg,0.0,89,1.9,$49.99
1559029838,Call of the Wild,Jack London,http://images.amazon.com/images/P/1559029838.01.LZZZZZZZ.jpg,0.0,86,1.1,$59.99
0679746048,"Girl, Interrupted",SUSANNA KAYSEN,http://images.amazon.com/images/P/0679746048.01.LZZZZZZZ.jpg,9.0,78,2.9,$59.99
0440216745,Whispers,BELVA PLAIN,http://images.amazon.com/images/P/0440216745.01.LZZZZZZZ.jpg,0.0,127,1.3,$59.99
0312966970,Four To Score (A Stephanie Plum Novel),Janet Evanovich,http://images.amazon.com/images/P/0312966970.01.LZZZZZZZ.jpg,0.0,98,2.9,$59.99
051512317X,Rising Tides,Nora Roberts,http://images.amazon.com/images/P/051512317X.01.LZZZZZZZ.jpg,0.0,60,1.8,$59.99
0312971346,High Five (A Stephanie Plum Novel),Janet Evanovich,http://images.amazon.com/images/P/0312971346.01.LZZZZZZZ.jpg,0.0,109,2.8,$59.99
0060958022,Five Quarters of the Orange,Joanne Harris,http://images.amazon.com/images/P/0060958022.01.LZZZZZZZ.jpg,8.0,74,2.8,$89.99
0385474016,"Like Water for Chocolate: A Novel in Monthly Installments With Recipes, Romances and Home Remedies",Laura Esquivel,http://images.amazon.com/images/P/0385474016.01.LZZZZZZZ.jpg,0.0,73,1.7,$69.99
1558743669,"A Child Called \It\"": One Child's Courage to Survive""",Dave Pelzer,http://images.amazon.com/images/P/1558743669.01.LZZZZZZZ.jpg,0.0,81,2.2,$69.99
0553582135,Final Target,Iris Johansen,http://images.amazon.com/images/P/0553582135.01.LZZZZZZZ.jpg,0.0,79,1.6,$69.99
0842329218,Tribulation Force: The Continuing Drama of Those Left Behind (Left Behind No. 2),Tim LaHaye,http://images.amazon.com/images/P/0842329218.01.LZZZZZZZ.jpg,0.0,72,2.1,$69.99
0440221471,The Runaway Jury,JOHN GRISHAM,http://images.amazon.com/images/P/0440221471.01.LZZZZZZZ.jpg,10.0,164,1.7,$49.99
0425143325,Without Remorse,Tom Clancy,http://images.amazon.com/images/P/0425143325.01.LZZZZZZZ.jpg,0.0,73,1.8,$59.99
0743411250,The Woman Next Door,Barbara Delinsky,http://images.amazon.com/images/P/0743411250.01.LZZZZZZZ.jpg,0.0,52,1.1,$89.99
0060502258,The Divine Secrets of the Ya-Ya Sisterhood: A Novel,Rebecca Wells,http://images.amazon.com/images/P/0060502258.01.LZZZZZZZ.jpg,0.0,115,2.6,$89.99
0345339681,The Hobbit : The Enchanting Prelude to The Lord of the Rings,J.R.R. TOLKIEN,http://images.amazon.com/images/P/0345339681.01.LZZZZZZZ.jpg,0.0,82,3.5,$59.99
055357230X,The Clinic (Alex Delaware Novels (Paperback)),Jonathan Kellerman,http://images.amazon.com/images/P/055357230X.01.LZZZZZZZ.jpg,0.0,52,1.8,$49.99
0399142282,Hornet's Nest,Patricia Daniels Cornwell,http://images.amazon.com/images/P/0399142282.01.LZZZZZZZ.jpg,0.0,92,1.7,$69.99
0671683993,The Temple of My Familiar,Alice Walker,http://images.amazon.com/images/P/0671683993.01.LZZZZZZZ.jpg,0.0,53,1.3,$89.99
0439064872,Harry Potter and the Chamber of Secrets (Book 2),J. K. Rowling,http://images.amazon.com/images/P/0439064872.01.LZZZZZZZ.jpg,0.0,176,4.0,$69.99
0140119906,Love in the Time of Cholera (Penguin Great Books of the 20th Century),Gabriel Garcia Marquez,http://images.amazon.com/images/P/0140119906.01.LZZZZZZZ.jpg,0.0,60,1.9,$59.99
0450411435,It,Stephen King,http://images.amazon.com/images/P/0450411435.01.LZZZZZZZ.jpg,8.0,74,3.4,$89.99
0553579606,Ashes to Ashes,TAMI HOAG,http://images.amazon.com/images/P/0553579606.01.LZZZZZZZ.jpg,0.0,92,1.5,$79.99
0670855030,Insomnia,Stephen King,http://images.amazon.com/images/P/0670855030.01.LZZZZZZZ.jpg,0.0,101,2.8,$79.99
0440183057,Stillwatch,MARY HIGGINS CLARK,http://images.amazon.com/images/P/0440183057.01.LZZZZZZZ.jpg,0.0,73,1.6,$79.99
0425118703,Midnight,Dean R. Koontz,http://images.amazon.com/images/P/0425118703.01.LZZZZZZZ.jpg,0.0,60,1.7,$59.99
0316639842,Unnatural Exposure,Cornwell Patricia,http://images.amazon.com/images/P/0316639842.01.LZZZZZZZ.jpg,7.0,87,2.4,$89.99
0151006725,Slammerkin,Emma Donoghue,http://images.amazon.com/images/P/0151006725.01.LZZZZZZZ.jpg,0.0,57,2.1,$59.99
0553289411,The Plains of Passage (Earth's Children (Paperback)),JEAN M. AUEL,http://images.amazon.com/images/P/0553289411.01.LZZZZZZZ.jpg,8.0,59,1.5,$49.99
0345447840,The Surgeon,TESS GERRITSEN,http://images.amazon.com/images/P/0345447840.01.LZZZZZZZ.jpg,0.0,73,1.7,$69.99
0446359866,Presumed Innocent,Scott Turow,http://images.amazon.com/images/P/0446359866.01.LZZZZZZZ.jpg,0.0,145,1.2,$49.99
0553213148,Anne of Avonlea (Anne of Green Gables Novels (Paperback)),L.M. MONTGOMERY,http://images.amazon.com/images/P/0553213148.01.LZZZZZZZ.jpg,0.0,59,3.1,$69.99
0394580567,It Was on Fire When I Lay Down on It,Robert Fulghum,http://images.amazon.com/images/P/0394580567.01.LZZZZZZZ.jpg,10.0,64,1.7,$59.99
0446365505,Pleading Guilty,Scott Turow,http://images.amazon.com/images/P/0446365505.01.LZZZZZZZ.jpg,0.0,62,0.5,$89.99
002542730X,Politically Correct Bedtime Stories: Modern Tales for Our Life and Times,James Finn Garner,http://images.amazon.com/images/P/002542730X.01.LZZZZZZZ.jpg,10.0,80,1.9,$79.99
0451203895,4 Blondes,Candace Bushnell,http://images.amazon.com/images/P/0451203895.01.LZZZZZZZ.jpg,0.0,70,1.0,$69.99
0553272535,Night,Elie Wiesel,http://images.amazon.com/images/P/0553272535.01.LZZZZZZZ.jpg,0.0,76,2.3,$69.99
0812505018,The Secret Garden,Frances Hodgson Burnett,http://images.amazon.com/images/P/0812505018.01.LZZZZZZZ.jpg,0.0,79,4.2,$89.99
0375504397,Black House,Stephen King,http://images.amazon.com/images/P/0375504397.01.LZZZZZZZ.jpg,3.0,68,3.2,$49.99
0452283205,Falling Angels,Tracy Chevalier,http://images.amazon.com/images/P/0452283205.01.LZZZZZZZ.jpg,0.0,54,1.5,$69.99
0451139739,Christine,Stephen King,http://images.amazon.com/images/P/0451139739.01.LZZZZZZZ.jpg,0.0,64,2.6,$89.99
0553250531,The Valley of Horses,JEAN M. AUEL,http://images.amazon.com/images/P/0553250531.01.LZZZZZZZ.jpg,0.0,51,3.1,$49.99
0451188462,Desperation,Stephen King,http://images.amazon.com/images/P/0451188462.01.LZZZZZZZ.jpg,9.0,58,3.4,$69.99
0439136350,Harry Potter and the Prisoner of Azkaban (Book 3),J. K. Rowling,http://images.amazon.com/images/P/0439136350.01.LZZZZZZZ.jpg,9.0,135,4.4,$89.99
0064400557,Charlotte's Web (Trophy Newbery),E. B. White,http://images.amazon.com/images/P/0064400557.01.LZZZZZZZ.jpg,0.0,54,3.7,$49.99
0679448594,Primary Colors: A Novel of Politics,Anonymous,http://images.amazon.com/images/P/0679448594.01.LZZZZZZZ.jpg,0.0,68,1.0,$79.99
0671867172,The Lottery Winner : Alvirah And Willy Stories,Mary Higgins Clark,http://images.amazon.com/images/P/0671867172.01.LZZZZZZZ.jpg,9.0,58,1.6,$49.99
0440221315,The Gift,DANIELLE STEEL,http://images.amazon.com/images/P/0440221315.01.LZZZZZZZ.jpg,0.0,121,2.1,$79.99
0446527785,A Bend in the Road,Nicholas Sparks,http://images.amazon.com/images/P/0446527785.01.LZZZZZZZ.jpg,0.0,114,1.6,$59.99
185326041X,The Great Gatsby,F. Scott Fitzgerald,http://images.amazon.com/images/P/185326041X.01.LZZZZZZZ.jpg,0.0,55,3.2,$59.99
0316096199,Lucky : A Memoir,Alice Sebold,http://images.amazon.com/images/P/0316096199.01.LZZZZZZZ.jpg,0.0,109,2.4,$79.99
0440224845,Bittersweet,DANIELLE STEEL,http://images.amazon.com/images/P/0440224845.01.LZZZZZZZ.jpg,0.0,62,1.2,$79.99
0440200989,Weep No More My Lady,Mary Higgins Clark,http://images.amazon.com/images/P/0440200989.01.LZZZZZZZ.jpg,0.0,53,1.4,$49.99
0671568175,Let Me Call You Sweetheart,Mary Higgins Clark,http://images.amazon.com/images/P/0671568175.01.LZZZZZZZ.jpg,7.0,64,1.3,$79.99
0449221504,K Is for Killer (Kinsey Millhone Mysteries (Paperback)),Sue Grafton,http://images.amazon.com/images/P/0449221504.01.LZZZZZZZ.jpg,0.0,78,1.4,$59.99
0446607193,Unspeakable,Sandra Brown,http://images.amazon.com/images/P/0446607193.01.LZZZZZZZ.jpg,0.0,55,1.3,$79.99
0373484003,Irish Hearts,Nora Roberts,http://images.amazon.com/images/P/0373484003.01.LZZZZZZZ.jpg,0.0,52,1.6,$49.99
0440211263,Circle of Friends,Maeve Binchy,http://images.amazon.com/images/P/0440211263.01.LZZZZZZZ.jpg,0.0,110,1.5,$49.99
0553260111,The Bourne Identity,Robert Ludlum,http://images.amazon.com/images/P/0553260111.01.LZZZZZZZ.jpg,0.0,70,1.4,$79.99
0767900383,Under the Tuscan Sun,Frances Mayes,http://images.amazon.com/images/P/0767900383.01.LZZZZZZZ.jpg,3.0,57,1.9,$89.99
0671034006,Heartbreaker,Julie Garwood,http://images.amazon.com/images/P/0671034006.01.LZZZZZZZ.jpg,8.0,88,2.0,$79.99
0425116840,The Cardinal of the Kremlin (Jack Ryan Novels),Tom Clancy,http://images.amazon.com/images/P/0425116840.01.LZZZZZZZ.jpg,8.0,64,0.8,$89.99
039914465X,Southern Cross,Patricia Daniels Cornwell,http://images.amazon.com/images/P/039914465X.01.LZZZZZZZ.jpg,9.0,97,1.5,$79.99
067102423X,Bag of Bones,Stephen King,http://images.amazon.com/images/P/067102423X.01.LZZZZZZZ.jpg,0.0,53,2.5,$79.99
0060809833,Brave New World,Aldous Huxley,http://images.amazon.com/images/P/0060809833.01.LZZZZZZZ.jpg,9.0,70,2.7,$69.99
0553268880,The Prince of Tides,Pat Conroy,http://images.amazon.com/images/P/0553268880.01.LZZZZZZZ.jpg,0.0,142,1.8,$59.99
0446521582,The Honk and Holler Opening Soon,Billie Letts,http://images.amazon.com/images/P/0446521582.01.LZZZZZZZ.jpg,0.0,68,2.2,$89.99
0385336179,Shopaholic Ties the Knot,Sophie Kinsella,http://images.amazon.com/images/P/0385336179.01.LZZZZZZZ.jpg,0.0,69,1.6,$69.99
0553582755,One Door Away from Heaven,Dean R. Koontz,http://images.amazon.com/images/P/0553582755.01.LZZZZZZZ.jpg,0.0,89,1.6,$79.99
044651652X,The Bridges of Madison County,Robert James Waller,http://images.amazon.com/images/P/044651652X.01.LZZZZZZZ.jpg,0.0,156,1.7,$59.99
0345339738,"The Return of the King (The Lord of the Rings, Part 3)",J.R.R. TOLKIEN,http://images.amazon.com/images/P/0345339738.01.LZZZZZZZ.jpg,0.0,77,2.9,$59.99
0679441557,Ladder of Years,Anne Tyler,http://images.amazon.com/images/P/0679441557.01.LZZZZZZZ.jpg,0.0,67,1.3,$69.99
1573225517,High Fidelity,Nick Hornby,http://images.amazon.com/images/P/1573225517.01.LZZZZZZZ.jpg,0.0,55,2.5,$89.99
0060199652,Prodigal Summer,Barbara Kingsolver,http://images.amazon.com/images/P/0060199652.01.LZZZZZZZ.jpg,8.0,56,2.5,$49.99
0316284955,White Oleander : A Novel (Oprah's Book Club),Janet Fitch,http://images.amazon.com/images/P/0316284955.01.LZZZZZZZ.jpg,0.0,111,1.7,$49.99
0060987529,Confessions of an Ugly Stepsister : A Novel,Gregory Maguire,http://images.amazon.com/images/P/0060987529.01.LZZZZZZZ.jpg,0.0,86,2.1,$49.99
0553277472,Zen and the Art of Motorcycle Maintenance: An Inquiry into Values,ROBERT PIRSIG,http://images.amazon.com/images/P/0553277472.01.LZZZZZZZ.jpg,0.0,62,1.9,$79.99
0425161617,The Accidental Tourist,Anne Tyler,http://images.amazon.com/images/P/0425161617.01.LZZZZZZZ.jpg,0.0,62,0.7,$69.99
0553560247,Dying for Chocolate (Culinary Mysteries (Paperback)),DIANE MOTT DAVIDSON,http://images.amazon.com/images/P/0553560247.01.LZZZZZZZ.jpg,7.0,60,1.7,$59.99
051512608X,The Reef,Nora Roberts,http://images.amazon.com/images/P/051512608X.01.LZZZZZZZ.jpg,0.0,69,0.8,$79.99
0553574671,Prime Cut,Diane Mott Davidson,http://images.amazon.com/images/P/0553574671.01.LZZZZZZZ.jpg,0.0,51,1.4,$59.99
0375727345,House of Sand and Fog,Andre Dubus III,http://images.amazon.com/images/P/0375727345.01.LZZZZZZZ.jpg,0.0,166,1.9,$59.99
0446608890,Saving Faith,David Baldacci,http://images.amazon.com/images/P/0446608890.01.LZZZZZZZ.jpg,10.0,84,1.2,$49.99
0743437640,The Mulberry Tree,Jude Deveraux,http://images.amazon.com/images/P/0743437640.01.LZZZZZZZ.jpg,3.0,69,1.7,$49.99
0425152251,Sophie's World: A Novel About the History of Philosophy,Jostein Gaarder,http://images.amazon.com/images/P/0425152251.01.LZZZZZZZ.jpg,0.0,53,1.4,$69.99
0312924585,Silence of the Lambs,Thomas Harris,http://images.amazon.com/images/P/0312924585.01.LZZZZZZZ.jpg,9.0,111,3.0,$89.99
0385479565,The Hot Zone,Richard Preston,http://images.amazon.com/images/P/0385479565.01.LZZZZZZZ.jpg,0.0,97,2.2,$79.99
0425162443,The Rapture of Canaan,Sheri Reynolds,http://images.amazon.com/images/P/0425162443.01.LZZZZZZZ.jpg,0.0,86,1.5,$69.99
0515132020,Heaven and Earth (Three Sisters Island Trilogy),Nora Roberts,http://images.amazon.com/images/P/0515132020.01.LZZZZZZZ.jpg,0.0,94,1.7,$89.99
0515131229,Dance upon the Air (Three Sisters Island Trilogy),Nora Roberts,http://images.amazon.com/images/P/0515131229.01.LZZZZZZZ.jpg,8.0,100,1.9,$59.99
038079487X,What Looks Like Crazy On An Ordinary Day,Pearl Cleage,http://images.amazon.com/images/P/038079487X.01.LZZZZZZZ.jpg,0.0,78,2.8,$79.99
0684872153,Angela's Ashes (MMP) : A Memoir,Frank McCourt,http://images.amazon.com/images/P/0684872153.01.LZZZZZZZ.jpg,0.0,89,1.6,$89.99
0440241162,Nerd in Shining Armor,Vicki Lewis Thompson,http://images.amazon.com/images/P/0440241162.01.LZZZZZZZ.jpg,0.0,52,2.5,$49.99
0515119784,Range of Motion,Elizabeth Berg,http://images.amazon.com/images/P/0515119784.01.LZZZZZZZ.jpg,0.0,54,1.6,$49.99
0064407675,"The Reptile Room (A Series of Unfortunate Events, Book 2)",Lemony Snicket,http://images.amazon.com/images/P/0064407675.01.LZZZZZZZ.jpg,0.0,59,3.1,$89.99
0380977788,Coraline,Neil Gaiman,http://images.amazon.com/images/P/0380977788.01.LZZZZZZZ.jpg,0.0,55,3.4,$69.99
0553571818,Long After Midnight,IRIS JOHANSEN,http://images.amazon.com/images/P/0553571818.01.LZZZZZZZ.jpg,0.0,51,0.6,$69.99
0345391055,Disclosure,Michael Crichton,http://images.amazon.com/images/P/0345391055.01.LZZZZZZZ.jpg,0.0,118,1.2,$69.99
0375760911,The Idiot Girls' Action Adventure Club,Laurie Notaro,http://images.amazon.com/images/P/0375760911.01.LZZZZZZZ.jpg,7.0,55,3.2,$49.99
0451197410,How Stella Got Her Groove Back,Terry McMillan,http://images.amazon.com/images/P/0451197410.01.LZZZZZZZ.jpg,0.0,99,1.1,$79.99
0316601950,The Pilot's Wife : A Novel,Anita Shreve,http://images.amazon.com/images/P/0316601950.01.LZZZZZZZ.jpg,0.0,167,2.2,$69.99
1573227331,About a Boy,Nick Hornby,http://images.amazon.com/images/P/1573227331.01.LZZZZZZZ.jpg,8.0,57,2.6,$79.99
080411918X,A Patchwork Planet,ANNE TYLER,http://images.amazon.com/images/P/080411918X.01.LZZZZZZZ.jpg,0.0,57,1.3,$49.99
0553293176,Dangerous,Amanda Quick,http://images.amazon.com/images/P/0553293176.01.LZZZZZZZ.jpg,9.0,57,1.9,$79.99
0440222915,Outlander,DIANA GABALDON,http://images.amazon.com/images/P/0440222915.01.LZZZZZZZ.jpg,0.0,113,3.0,$69.99
0375502238,Blessings,ANNA QUINDLEN,http://images.amazon.com/images/P/0375502238.01.LZZZZZZZ.jpg,0.0,83,1.3,$79.99
0440202043,Shell Seekers,Rosamunde Pilcher,http://images.amazon.com/images/P/0440202043.01.LZZZZZZZ.jpg,0.0,71,1.6,$79.99
0451183665,A Case of Need,Michael Crichton,http://images.amazon.com/images/P/0451183665.01.LZZZZZZZ.jpg,0.0,76,1.3,$59.99
0684841185,Death du Jour,Kathy Reichs,http://images.amazon.com/images/P/0684841185.01.LZZZZZZZ.jpg,0.0,55,2.3,$69.99
0316693286,Pop Goes the Weasel,James Patterson,http://images.amazon.com/images/P/0316693286.01.LZZZZZZZ.jpg,0.0,99,1.5,$69.99
0060086246,Last Chance Saloon,Marian Keyes,http://images.amazon.com/images/P/0060086246.01.LZZZZZZZ.jpg,0.0,61,0.9,$79.99
038550926X,The Devil Wears Prada : A Novel,LAUREN WEISBERGER,http://images.amazon.com/images/P/038550926X.01.LZZZZZZZ.jpg,0.0,74,1.9,$59.99
0671004530,On the Street Where You Live,Mary Higgins Clark,http://images.amazon.com/images/P/0671004530.01.LZZZZZZZ.jpg,0.0,69,1.8,$89.99
0312244266,Winter Solstice,Rosamunde Pilcher,http://images.amazon.com/images/P/0312244266.01.LZZZZZZZ.jpg,0.0,67,2.0,$59.99
0452282829,We Were the Mulvaneys,Joyce Carol Oates,http://images.amazon.com/images/P/0452282829.01.LZZZZZZZ.jpg,10.0,118,1.6,$69.99
0385722206,Balzac and the Little Chinese Seamstress : A Novel,DAI SIJIE,http://images.amazon.com/images/P/0385722206.01.LZZZZZZZ.jpg,0.0,106,2.7,$59.99
0142001430,Year of Wonders,Geraldine Brooks,http://images.amazon.com/images/P/0142001430.01.LZZZZZZZ.jpg,7.0,57,3.1,$89.99
0553800914,The Search,Iris Johansen,http://images.amazon.com/images/P/0553800914.01.LZZZZZZZ.jpg,0.0,64,1.4,$49.99
080410526X,All I Really Need to Know,ROBERT FULGHUM,http://images.amazon.com/images/P/080410526X.01.LZZZZZZZ.jpg,0.0,122,1.8,$59.99
0440235596,Tara Road,Maeve Binchy,http://images.amazon.com/images/P/0440235596.01.LZZZZZZZ.jpg,0.0,109,1.8,$49.99
0552998486,Chocolat,Joanne Harris,http://images.amazon.com/images/P/0552998486.01.LZZZZZZZ.jpg,0.0,94,2.2,$89.99
0439139597,Harry Potter and the Goblet of Fire (Book 4),J. K. Rowling,http://images.amazon.com/images/P/0439139597.01.LZZZZZZZ.jpg,9.0,123,4.5,$49.99
0449003795,P Is for Peril,Sue Grafton,http://images.amazon.com/images/P/0449003795.01.LZZZZZZZ.jpg,0.0,79,1.3,$69.99
1551668998,Beach House,Mary Alice Monroe,http://images.amazon.com/images/P/1551668998.01.LZZZZZZZ.jpg,0.0,56,0.8,$89.99
044651862X,The Celestine Prophecy (Celestine Prophecy),James Redfield,http://images.amazon.com/images/P/044651862X.01.LZZZZZZZ.jpg,0.0,58,2.1,$59.99
043935806X,Harry Potter and the Order of the Phoenix (Book 5),J. K. Rowling,http://images.amazon.com/images/P/043935806X.01.LZZZZZZZ.jpg,0.0,103,4.3,$59.99
042513525X,Hideaway,Dean R. Koontz,http://images.amazon.com/images/P/042513525X.01.LZZZZZZZ.jpg,5.0,89,1.6,$69.99
0451156609,The Tommyknockers,Stephen King,http://images.amazon.com/images/P/0451156609.01.LZZZZZZZ.jpg,0.0,95,2.4,$79.99
1400031354,Tears of the Giraffe (No.1 Ladies Detective Agency),Alexander McCall Smith,http://images.amazon.com/images/P/1400031354.01.LZZZZZZZ.jpg,0.0,80,3.3,$69.99
0446608955,A Walk to Remember,Nicholas Sparks,http://images.amazon.com/images/P/0446608955.01.LZZZZZZZ.jpg,0.0,134,1.8,$59.99
0449218473,Journey,James A. Michener,http://images.amazon.com/images/P/0449218473.01.LZZZZZZZ.jpg,0.0,67,0.9,$79.99
0440414806,Holes (Yearling Newbery),LOUIS SACHAR,http://images.amazon.com/images/P/0440414806.01.LZZZZZZZ.jpg,0.0,54,2.5,$49.99
0440241073,The Summons,John Grisham,http://images.amazon.com/images/P/0440241073.01.LZZZZZZZ.jpg,0.0,168,1.7,$79.99
0446606324,The Winner,David Baldacci,http://images.amazon.com/images/P/0446606324.01.LZZZZZZZ.jpg,9.0,79,1.1,$89.99
0446670251,The Virgin Suicides,Jeffrey Eugenides,http://images.amazon.com/images/P/0446670251.01.LZZZZZZZ.jpg,0.0,54,2.6,$49.99
0425154092,From Potter's Field,Patricia Daniels Cornwell,http://images.amazon.com/images/P/0425154092.01.LZZZZZZZ.jpg,0.0,93,1.8,$49.99
0671014196,The Summerhouse,Jude Deveraux,http://images.amazon.com/images/P/0671014196.01.LZZZZZZZ.jpg,0.0,83,1.5,$89.99
0871136791,Cold Mountain,Charles Frazier,http://images.amazon.com/images/P/0871136791.01.LZZZZZZZ.jpg,0.0,53,1.9,$79.99
0525945938,Scarlet Feather,Maeve Binchy,http://images.amazon.com/images/P/0525945938.01.LZZZZZZZ.jpg,8.0,90,1.6,$59.99
0385475721,The Blind Assassin,Margaret Atwood,http://images.amazon.com/images/P/0385475721.01.LZZZZZZZ.jpg,0.0,71,1.5,$69.99
0515137111,Birthright,Nora Roberts,http://images.amazon.com/images/P/0515137111.01.LZZZZZZZ.jpg,0.0,52,2.2,$69.99
0553271636,D Is for Deadbeat (Kinsey Millhone Mysteries (Paperback)),Sue Grafton,http://images.amazon.com/images/P/0553271636.01.LZZZZZZZ.jpg,0.0,83,2.2,$69.99
0679751521,Midnight in the Garden of Good and Evil,John Berendt,http://images.amazon.com/images/P/0679751521.01.LZZZZZZZ.jpg,0.0,58,2.8,$79.99
0312966091,Three To Get Deadly : A Stephanie Plum Novel (A Stephanie Plum Novel),Janet Evanovich,http://images.amazon.com/images/P/0312966091.01.LZZZZZZZ.jpg,0.0,102,2.6,$59.99
0671001795,Two for the Dough,Janet Evanovich,http://images.amazon.com/images/P/0671001795.01.LZZZZZZZ.jpg,0.0,125,2.2,$49.99
0425161285,Turtle Moon,Alice Hoffman,http://images.amazon.com/images/P/0425161285.01.LZZZZZZZ.jpg,0.0,83,1.5,$69.99
0553274295,Where the Red Fern Grows,Wilson Rawls,http://images.amazon.com/images/P/0553274295.01.LZZZZZZZ.jpg,0.0,61,3.0,$79.99
0804108749,Saint Maybe,ANNE TYLER,http://images.amazon.com/images/P/0804108749.01.LZZZZZZZ.jpg,0.0,72,1.5,$49.99
0425121631,Rules of Prey,John Sandford,http://images.amazon.com/images/P/0425121631.01.LZZZZZZZ.jpg,0.0,52,1.6,$49.99
0446611808,Envy,Sandra Brown,http://images.amazon.com/images/P/0446611808.01.LZZZZZZZ.jpg,9.0,67,1.4,$69.99
0425178579,Betrayal in Death,Nora Roberts,http://images.amazon.com/images/P/0425178579.01.LZZZZZZZ.jpg,0.0,61,1.9,$69.99
0451210840,"The Gunslinger (The Dark Tower, Book 1)",Stephen King,http://images.amazon.com/images/P/0451210840.01.LZZZZZZZ.jpg,0.0,84,3.0,$79.99
0451167317,The Dark Half,Stephen King,http://images.amazon.com/images/P/0451167317.01.LZZZZZZZ.jpg,8.0,84,2.7,$59.99
0312983271,Full House (Janet Evanovich's Full Series),Janet Evanovich,http://images.amazon.com/images/P/0312983271.01.LZZZZZZZ.jpg,0.0,102,2.1,$79.99
0553284789,F Is for Fugitive (Kinsey Millhone Mysteries (Paperback)),Sue Grafton,http://images.amazon.com/images/P/0553284789.01.LZZZZZZZ.jpg,0.0,89,2.1,$49.99
0553279556,E Is for Evidence: A Kinsey Millhone Mystery (Kinsey Millhone Mysteries (Paperback)),Sue Grafton,http://images.amazon.com/images/P/0553279556.01.LZZZZZZZ.jpg,0.0,80,2.1,$49.99
0451191013,The Regulators,Stephen King,http://images.amazon.com/images/P/0451191013.01.LZZZZZZZ.jpg,0.0,59,1.9,$89.99
0446605409,Plum Island,Nelson DeMille,http://images.amazon.com/images/P/0446605409.01.LZZZZZZZ.jpg,10.0,56,1.7,$79.99
0345366239,The Eight,Katherine Neville,http://images.amazon.com/images/P/0345366239.01.LZZZZZZZ.jpg,0.0,51,1.7,$79.99
0451163524,"The Drawing of the Three (The Dark Tower, Book 2)",Stephen King,http://images.amazon.com/images/P/0451163524.01.LZZZZZZZ.jpg,0.0,76,2.9,$49.99
0451194861,"Wizard and Glass (The Dark Tower, Book 4)",Stephen King,http://images.amazon.com/images/P/0451194861.01.LZZZZZZZ.jpg,0.0,54,3.3,$89.99
0452280621,Beloved,Toni Morrison,http://images.amazon.com/images/P/0452280621.01.LZZZZZZZ.jpg,10.0,74,2.2,$89.99
0671026011,The Empty Chair,Jeffery Deaver,http://images.amazon.com/images/P/0671026011.01.LZZZZZZZ.jpg,0.0,53,2.2,$79.99
0609804138,The Sweet Potato Queens' Book of Love,JILL CONNER BROWNE,http://images.amazon.com/images/P/0609804138.01.LZZZZZZZ.jpg,0.0,82,2.5,$69.99
0345439104,Drowning Ruth (Oprah's Book Club),CHRISTINA SCHWARZ,http://images.amazon.com/images/P/0345439104.01.LZZZZZZZ.jpg,0.0,60,2.2,$49.99
0425180638,The Last Precinct,Patricia Cornwell,http://images.amazon.com/images/P/0425180638.01.LZZZZZZZ.jpg,0.0,124,1.3,$79.99
0679735909,Possession : A Romance,A.S. BYATT,http://images.amazon.com/images/P/0679735909.01.LZZZZZZZ.jpg,0.0,56,1.5,$79.99
0449221490,L Is for Lawless,Sue Grafton,http://images.amazon.com/images/P/0449221490.01.LZZZZZZZ.jpg,0.0,65,2.1,$89.99
0679433023,Violin,Anne Rice,http://images.amazon.com/images/P/0679433023.01.LZZZZZZZ.jpg,0.0,64,1.7,$89.99
0060921145,Animal Dreams,Barbara Kingsolver,http://images.amazon.com/images/P/0060921145.01.LZZZZZZZ.jpg,0.0,57,1.6,$59.99
0345404114,Sleepers,Lorenzo Carcaterra,http://images.amazon.com/images/P/0345404114.01.LZZZZZZZ.jpg,0.0,56,1.0,$89.99
0345427637,The Angel of Darkness,Caleb Carr,http://images.amazon.com/images/P/0345427637.01.LZZZZZZZ.jpg,0.0,88,1.0,$79.99
0671042572,Jewel (Oprah's Book Club),Bret Lott,http://images.amazon.com/images/P/0671042572.01.LZZZZZZZ.jpg,0.0,59,1.5,$49.99
0449221512,I Is for Innocent,Sue Grafton,http://images.amazon.com/images/P/0449221512.01.LZZZZZZZ.jpg,0.0,77,2.2,$89.99
0385318073,Evening Class,Maeve Binchy,http://images.amazon.com/images/P/0385318073.01.LZZZZZZZ.jpg,0.0,83,1.3,$69.99
1400031362,Morality for Beautiful Girls (No.1 Ladies Detective Agency),Alexander McCall Smith,http://images.amazon.com/images/P/1400031362.01.LZZZZZZZ.jpg,0.0,57,2.4,$79.99
0449223612,N Is for Noose,Sue Grafton,http://images.amazon.com/images/P/0449223612.01.LZZZZZZZ.jpg,0.0,74,1.4,$59.99
0440998050,A Wrinkle in Time,Madeleine L'Engle,http://images.amazon.com/images/P/0440998050.01.LZZZZZZZ.jpg,10.0,73,4.0,$79.99
0679745203,The English Patient,Michael Ondaatje,http://images.amazon.com/images/P/0679745203.01.LZZZZZZZ.jpg,0.0,90,1.8,$79.99
0399137734,Dragon Tears,Dean R. Koontz,http://images.amazon.com/images/P/0399137734.01.LZZZZZZZ.jpg,0.0,51,1.1,$89.99
0671670689,Dawn (Cutler),V.C. Andrews,http://images.amazon.com/images/P/0671670689.01.LZZZZZZZ.jpg,0.0,55,1.7,$79.99
0446605581,Fat Tuesday,Sandra Brown,http://images.amazon.com/images/P/0446605581.01.LZZZZZZZ.jpg,0.0,70,0.8,$89.99
0553096834,Couplehood,Paul Reiser,http://images.amazon.com/images/P/0553096834.01.LZZZZZZZ.jpg,0.0,89,1.6,$79.99
0553279378,I Know Why the Caged Bird Sings,MAYA ANGELOU,http://images.amazon.com/images/P/0553279378.01.LZZZZZZZ.jpg,0.0,80,2.0,$59.99
0553292722,Still Waters,TAMI HOAG,http://images.amazon.com/images/P/0553292722.01.LZZZZZZZ.jpg,0.0,80,1.5,$49.99
0312983867,Hard Eight : A Stephanie Plum Novel (A Stephanie Plum Novel),Janet Evanovich,http://images.amazon.com/images/P/0312983867.01.LZZZZZZZ.jpg,0.0,112,3.2,$89.99
0060008024,Angels,Marian Keyes,http://images.amazon.com/images/P/0060008024.01.LZZZZZZZ.jpg,0.0,67,1.4,$59.99
0425147584,Debt of Honor (Jack Ryan Novels),Tom Clancy,http://images.amazon.com/images/P/0425147584.01.LZZZZZZZ.jpg,6.0,59,0.8,$89.99
0671525433,Dark Angel,V.C. Andrews,http://images.amazon.com/images/P/0671525433.01.LZZZZZZZ.jpg,0.0,54,1.6,$69.99
0345404319,Taltos: Lives of the Mayfair Witches,Anne Rice,http://images.amazon.com/images/P/0345404319.01.LZZZZZZZ.jpg,0.0,53,2.5,$79.99
067940712X,One True Thing,Anna Quindlen,http://images.amazon.com/images/P/067940712X.01.LZZZZZZZ.jpg,0.0,102,2.0,$69.99
0451168615,Skeleton Crew,Stephen King,http://images.amazon.com/images/P/0451168615.01.LZZZZZZZ.jpg,0.0,79,3.5,$89.99
0553106651,Seize the Night,DEAN KOONTZ,http://images.amazon.com/images/P/0553106651.01.LZZZZZZZ.jpg,0.0,75,1.5,$49.99
0425099334,Shattered,Dean R. Koontz,http://images.amazon.com/images/P/0425099334.01.LZZZZZZZ.jpg,0.0,56,2.2,$89.99
0425192725,Q Is for Quarry,Sue Grafton,http://images.amazon.com/images/P/0425192725.01.LZZZZZZZ.jpg,8.0,87,2.6,$59.99
1565115430,Girl in Hyacinth Blue,Susan Vreeland,http://images.amazon.com/images/P/1565115430.01.LZZZZZZZ.jpg,8.0,86,3.2,$89.99
031298328X,Full Tilt (Janet Evanovich's Full Series),Janet Evanovich,http://images.amazon.com/images/P/031298328X.01.LZZZZZZZ.jpg,0.0,79,1.3,$59.99
0440221595,The Glass Lake,Maeve Binchy,http://images.amazon.com/images/P/0440221595.01.LZZZZZZZ.jpg,8.0,65,2.2,$89.99
0440222656,The Horse Whisperer,Nicholas Evans,http://images.amazon.com/images/P/0440222656.01.LZZZZZZZ.jpg,0.0,209,1.4,$79.99
0316899984,"River, Cross My Heart",Breena Clarke,http://images.amazon.com/images/P/0316899984.01.LZZZZZZZ.jpg,5.0,80,1.4,$59.99
044922046X,Catering to Nobody,Diane Mott Davidson,http://images.amazon.com/images/P/044922046X.01.LZZZZZZZ.jpg,0.0,57,1.7,$89.99
0064472272,"Angus, Thongs and Full-Frontal Snogging: Confessions of Georgia Nicolson",Louise Rennison,http://images.amazon.com/images/P/0064472272.01.LZZZZZZZ.jpg,0.0,51,2.8,$59.99
0515128600,The Edge,Catherine Coulter,http://images.amazon.com/images/P/0515128600.01.LZZZZZZZ.jpg,0.0,63,1.1,$59.99
0515121843,Sea Swept (Quinn Brothers (Paperback)),Nora Roberts,http://images.amazon.com/images/P/0515121843.01.LZZZZZZZ.jpg,9.0,59,2.1,$89.99
0312265840,Seven Up (A Stephanie Plum Novel),Janet Evanovich,http://images.amazon.com/images/P/0312265840.01.LZZZZZZZ.jpg,9.0,111,3.3,$79.99
0316780375,The Weight of Water : A Novel Tag: Author of Resistance and Strange Fits of Passion,Anita Shreve,http://images.amazon.com/images/P/0316780375.01.LZZZZZZZ.jpg,0.0,69,1.3,$89.99
0670451932,Cujo,Stephen King,http://images.amazon.com/images/P/0670451932.01.LZZZZZZZ.jpg,9.0,63,3.1,$69.99
0380564998,Jacob Have I Loved,Katherine Paterson,http://images.amazon.com/images/P/0380564998.01.LZZZZZZZ.jpg,0.0,51,0.6,$59.99
0553582526,Dust to Dust,TAMI HOAG,http://images.amazon.com/images/P/0553582526.01.LZZZZZZZ.jpg,9.0,75,1.2,$79.99
0451152190,Over the Edge,Jonathan Kellerman,http://images.amazon.com/images/P/0451152190.01.LZZZZZZZ.jpg,0.0,62,2.3,$79.99
0446527017,Standoff,Sandra Brown,http://images.amazon.com/images/P/0446527017.01.LZZZZZZZ.jpg,8.0,67,1.2,$89.99
0373218036,"Truly, Madly Manhattan",Nora Roberts,http://images.amazon.com/images/P/0373218036.01.LZZZZZZZ.jpg,9.0,64,1.1,$79.99
0451186923,The Deep End of the Ocean,Jacquelyn Mitchard,http://images.amazon.com/images/P/0451186923.01.LZZZZZZZ.jpg,0.0,101,1.3,$59.99
0553280341,B Is for Burglar (Kinsey Millhone Mysteries (Paperback)),Sue Grafton,http://images.amazon.com/images/P/0553280341.01.LZZZZZZZ.jpg,0.0,127,2.1,$89.99
0553280368,C Is for Corpse (Kinsey Millhone Mysteries (Paperback)),Sue Grafton,http://images.amazon.com/images/P/0553280368.01.LZZZZZZZ.jpg,9.0,87,2.0,$79.99
0451176464,Gerald's Game,Stephen King,http://images.amazon.com/images/P/0451176464.01.LZZZZZZZ.jpg,0.0,63,3.0,$89.99
0671894455,FORREST GUMP (Movie Tie in),Winston Groom,http://images.amazon.com/images/P/0671894455.01.LZZZZZZZ.jpg,0.0,68,1.4,$59.99
0451186362,Rose Madder,Stephen King,http://images.amazon.com/images/P/0451186362.01.LZZZZZZZ.jpg,0.0,78,2.1,$69.99
0425147363,Tom Clancy's Op-Center (Tom Clancy's Op Center (Paperback)),Tom Clancy,http://images.amazon.com/images/P/0425147363.01.LZZZZZZZ.jpg,8.0,62,0.7,$49.99
044022425X,Drums of Autumn,DIANA GABALDON,http://images.amazon.com/images/P/044022425X.01.LZZZZZZZ.jpg,7.0,53,3.4,$49.99
0440217563,Voyager,DIANA GABALDON,http://images.amazon.com/images/P/0440217563.01.LZZZZZZZ.jpg,0.0,62,2.9,$59.99
014023313X,The Stone Diaries,Carol Shields,http://images.amazon.com/images/P/014023313X.01.LZZZZZZZ.jpg,0.0,83,1.8,$49.99
006001203X,Dr. Atkins' New Diet Revolution,Robert C. Atkins,http://images.amazon.com/images/P/006001203X.01.LZZZZZZZ.jpg,0.0,51,2.3,$79.99
0440207622,Daddy,DANIELLE STEEL,http://images.amazon.com/images/P/0440207622.01.LZZZZZZZ.jpg,7.0,74,1.4,$89.99
0399142495,Small Town Girl,LaVyrle Spencer,http://images.amazon.com/images/P/0399142495.01.LZZZZZZZ.jpg,0.0,59,2.1,$49.99
0553571885,A Thin Dark Line (Mysteries &amp; Horror),TAMI HOAG,http://images.amazon.com/images/P/0553571885.01.LZZZZZZZ.jpg,0.0,60,1.3,$49.99
014034294X,Matilda,Roald Dahl,http://images.amazon.com/images/P/014034294X.01.LZZZZZZZ.jpg,0.0,64,2.7,$69.99
0449219364,G Is for Gumshoe (Kinsey Millhone Mysteries (Paperback)),Sue Grafton,http://images.amazon.com/images/P/0449219364.01.LZZZZZZZ.jpg,8.0,82,2.5,$69.99
0743227441,The Other Boleyn Girl,Philippa Gregory,http://images.amazon.com/images/P/0743227441.01.LZZZZZZZ.jpg,0.0,51,2.8,$59.99
0553275976,The Bonfire of the Vanities,Tom Wolfe,http://images.amazon.com/images/P/0553275976.01.LZZZZZZZ.jpg,0.0,91,1.4,$59.99
0446610542,The Bachelor (Warner Books Contemporary Romance),Carly Phillips,http://images.amazon.com/images/P/0446610542.01.LZZZZZZZ.jpg,9.0,71,2.3,$59.99
0786000872,The Promise,Mandalyn Kaye,http://images.amazon.com/images/P/0786000872.01.LZZZZZZZ.jpg,9.0,62,1.8,$49.99
0451178599,Needful Things,Stephen King,http://images.amazon.com/images/P/0451178599.01.LZZZZZZZ.jpg,0.0,79,2.4,$69.99
0451170385,Four Past Midnight,Stephen King,http://images.amazon.com/images/P/0451170385.01.LZZZZZZZ.jpg,0.0,67,3.0,$89.99
006016848X,"Men Are from Mars, Women Are from Venus: A Practical Guide for Improving Communication and Getting What You Want in Your Relationships",John Gray,http://images.amazon.com/images/P/006016848X.01.LZZZZZZZ.jpg,0.0,53,2.1,$69.99
0515133302,Hemlock Bay,Catherine Coulter,http://images.amazon.com/images/P/0515133302.01.LZZZZZZZ.jpg,0.0,52,1.1,$79.99
0446532452,The Wedding,Nicholas Sparks,http://images.amazon.com/images/P/0446532452.01.LZZZZZZZ.jpg,8.0,87,1.7,$49.99
042510107X,Red Storm Rising,Tom Clancy,http://images.amazon.com/images/P/042510107X.01.LZZZZZZZ.jpg,0.0,83,1.1,$89.99
0312966806,Tell Me Lies (Tell Me Lies),Jennifer Crusie,http://images.amazon.com/images/P/0312966806.01.LZZZZZZZ.jpg,7.0,60,1.5,$79.99
0446603716,Hide &amp; Seek,James Patterson,http://images.amazon.com/images/P/0446603716.01.LZZZZZZZ.jpg,0.0,61,1.6,$69.99
0440193613,Wanderlust,Danielle Steel,http://images.amazon.com/images/P/0440193613.01.LZZZZZZZ.jpg,0.0,81,1.8,$89.99
0373825013,"Whirlwind (Tyler, Book 1)",Nancy Martin,http://images.amazon.com/images/P/0373825013.01.LZZZZZZZ.jpg,0.0,77,0.9,$69.99
0451157443,Carrie,Stephen King,http://images.amazon.com/images/P/0451157443.01.LZZZZZZZ.jpg,5.0,52,3.8,$79.99
0671880314,Schindler's List,Thomas Keneally,http://images.amazon.com/images/P/0671880314.01.LZZZZZZZ.jpg,0.0,57,1.8,$89.99
0446513067,The General's Daughter,Nelson DeMille,http://images.amazon.com/images/P/0446513067.01.LZZZZZZZ.jpg,9.0,67,1.5,$59.99
0385502532,Drowning Ruth,Christina Schwarz,http://images.amazon.com/images/P/0385502532.01.LZZZZZZZ.jpg,9.0,57,1.5,$89.99
0553263226,The Bourne Supremacy,Robert Ludlum,http://images.amazon.com/images/P/0553263226.01.LZZZZZZZ.jpg,10.0,55,0.9,$69.99
0373218397,Summer Pleasures,Nora Roberts,http://images.amazon.com/images/P/0373218397.01.LZZZZZZZ.jpg,8.0,56,1.3,$59.99
0399143874,Homeport,Nora Roberts,http://images.amazon.com/images/P/0399143874.01.LZZZZZZZ.jpg,0.0,58,0.7,$89.99
0440222842,Five Days in Paris,DANIELLE STEEL,http://images.amazon.com/images/P/0440222842.01.LZZZZZZZ.jpg,0.0,59,1.8,$49.99
0679433740,Paradise,Toni Morrison,http://images.amazon.com/images/P/0679433740.01.LZZZZZZZ.jpg,0.0,69,1.3,$59.99
0375703063,A Virtuous Woman (Oprah's Book Club (Paperback)),Kaye Gibbons,http://images.amazon.com/images/P/0375703063.01.LZZZZZZZ.jpg,10.0,66,1.1,$79.99
0446360589,The Burden of Proof,Scott Turow,http://images.amazon.com/images/P/0446360589.01.LZZZZZZZ.jpg,0.0,68,1.4,$69.99
0385306024,Accident,Danielle Steel,http://images.amazon.com/images/P/0385306024.01.LZZZZZZZ.jpg,0.0,64,2.0,$59.99
0446802204,Master of the Game,Sidney Sheldon,http://images.amazon.com/images/P/0446802204.01.LZZZZZZZ.jpg,0.0,53,0.8,$49.99
0446329894,If Tomorrow Comes,Sidney Sheldon,http://images.amazon.com/images/P/0446329894.01.LZZZZZZZ.jpg,0.0,55,1.3,$89.99
0553580221,False Memory,Dean R. Koontz,http://images.amazon.com/images/P/0553580221.01.LZZZZZZZ.jpg,0.0,83,1.8,$59.99
0345368754,Foucault's Pendulum,Umberto Eco,http://images.amazon.com/images/P/0345368754.01.LZZZZZZZ.jpg,0.0,59,1.1,$69.99
0061099708,Colony,Anne Rivers Siddons,http://images.amazon.com/images/P/0061099708.01.LZZZZZZZ.jpg,10.0,52,0.9,$69.99
0553581554,The Killing Game: Only One Can Win...and the Loser Dies,Iris Johansen,http://images.amazon.com/images/P/0553581554.01.LZZZZZZZ.jpg,6.0,51,0.9,$69.99
0451180232,Nightmares &amp; Dreamscapes,Stephen King,http://images.amazon.com/images/P/0451180232.01.LZZZZZZZ.jpg,0.0,60,3.0,$79.99
0451137965,Thinner,Stephen King,http://images.amazon.com/images/P/0451137965.01.LZZZZZZZ.jpg,0.0,79,2.8,$79.99
0671002031,Temptation,Jude Deveraux,http://images.amazon.com/images/P/0671002031.01.LZZZZZZZ.jpg,0.0,60,1.4,$59.99
0425105334,The Talisman,Stephen King,http://images.amazon.com/images/P/0425105334.01.LZZZZZZZ.jpg,0.0,82,2.8,$89.99
080411868X,"Welcome to the World, Baby Girl!",Fannie Flagg,http://images.amazon.com/images/P/080411868X.01.LZZZZZZZ.jpg,0.0,92,1.4,$79.99
0425145638,Fatal Cure,Robin Cook,http://images.amazon.com/images/P/0425145638.01.LZZZZZZZ.jpg,0.0,59,0.8,$89.99
140003065X,A Fine Balance,Rohinton Mistry,http://images.amazon.com/images/P/140003065X.01.LZZZZZZZ.jpg,0.0,61,1.6,$89.99
0671011367,Deja Dead,Kathy Reichs,http://images.amazon.com/images/P/0671011367.01.LZZZZZZZ.jpg,8.0,69,2.1,$49.99
0553569910,The Ugly Duckling,Iris Johansen,http://images.amazon.com/images/P/0553569910.01.LZZZZZZZ.jpg,7.0,63,1.9,$69.99
0060391626,I Know This Much Is True (Oprah's Book Club),Wally Lamb,http://images.amazon.com/images/P/0060391626.01.LZZZZZZZ.jpg,10.0,58,1.6,$79.99
0440200563,Fine Things,Danielle Steel,http://images.amazon.com/images/P/0440200563.01.LZZZZZZZ.jpg,0.0,56,1.2,$79.99
0553213172,Anne of the Island,Lucy Maud Montgomery,http://images.amazon.com/images/P/0553213172.01.LZZZZZZZ.jpg,0.0,55,1.9,$59.99
0312974256,Welcome to Temptation,Jennifer Crusie,http://images.amazon.com/images/P/0312974256.01.LZZZZZZZ.jpg,0.0,76,1.5,$89.99
0679425268,Sole Survivor,DEAN KOONTZ,http://images.amazon.com/images/P/0679425268.01.LZZZZZZZ.jpg,0.0,62,1.5,$79.99
0515128546,Tears of the Moon (Irish Trilogy),Nora Roberts,http://images.amazon.com/images/P/0515128546.01.LZZZZZZZ.jpg,0.0,79,2.4,$49.99
0385413041,Beach Music,PAT CONROY,http://images.amazon.com/images/P/0385413041.01.LZZZZZZZ.jpg,8.0,78,1.6,$69.99
0345422317,The Genesis Code,John Case,http://images.amazon.com/images/P/0345422317.01.LZZZZZZZ.jpg,0.0,65,1.8,$49.99
0425168468,Practical Magic,Alice Hoffman,http://images.amazon.com/images/P/0425168468.01.LZZZZZZZ.jpg,0.0,76,1.4,$89.99
0515130966,Riptide,Catherine Coulter,http://images.amazon.com/images/P/0515130966.01.LZZZZZZZ.jpg,9.0,86,1.3,$89.99
0316781010,Fortune's Rocks: A Novel,Anita Shreve,http://images.amazon.com/images/P/0316781010.01.LZZZZZZZ.jpg,0.0,51,1.8,$79.99
0345404769,Silent Witness,RICHARD NORTH PATTERSON,http://images.amazon.com/images/P/0345404769.01.LZZZZZZZ.jpg,0.0,66,1.1,$79.99
0399148248,Midnight Bayou,Nora Roberts,http://images.amazon.com/images/P/0399148248.01.LZZZZZZZ.jpg,9.0,72,2.3,$49.99
1573229725,Fingersmith,Sarah Waters,http://images.amazon.com/images/P/1573229725.01.LZZZZZZZ.jpg,8.0,56,3.2,$49.99
0425136981,Shadowfires,Dean R. Koontz,http://images.amazon.com/images/P/0425136981.01.LZZZZZZZ.jpg,8.0,54,1.8,$69.99
0671867091,Remember Me,Mary Higgins Clark,http://images.amazon.com/images/P/0671867091.01.LZZZZZZZ.jpg,9.0,87,1.9,$59.99
0380710722,It's Always Something,Gilda Radner,http://images.amazon.com/images/P/0380710722.01.LZZZZZZZ.jpg,0.0,66,1.7,$79.99
0425097722,Fatherhood,Bill Cosby,http://images.amazon.com/images/P/0425097722.01.LZZZZZZZ.jpg,0.0,64,1.4,$69.99
0440201926,Kaleidoscope,Danielle Steel,http://images.amazon.com/images/P/0440201926.01.LZZZZZZZ.jpg,8.0,69,1.2,$49.99
0440176484,Secrets,DANIELLE STEEL,http://images.amazon.com/images/P/0440176484.01.LZZZZZZZ.jpg,0.0,68,1.2,$69.99
0385319568,The Long Road Home,DANIELLE STEEL,http://images.amazon.com/images/P/0385319568.01.LZZZZZZZ.jpg,9.0,54,1.0,$59.99
038542017X,"Like Water for Chocolate : A Novel in Monthly Installments with Recipes, Romances, and Home Remedies",LAURA ESQUIVEL,http://images.amazon.com/images/P/038542017X.01.LZZZZZZZ.jpg,0.0,53,2.6,$59.99
0380432811,Bridge to Terabithia,Katherine Paterson,http://images.amazon.com/images/P/0380432811.01.LZZZZZZZ.jpg,0.0,51,2.2,$69.99
0061097101,The Saving Graces: A Novel,Patricia Gaffney,http://images.amazon.com/images/P/0061097101.01.LZZZZZZZ.jpg,10.0,76,1.5,$69.99
0425155404,Invasion,Robin Cook,http://images.amazon.com/images/P/0425155404.01.LZZZZZZZ.jpg,0.0,66,0.9,$89.99
0425184943,Blue Diary,Alice Hoffman,http://images.amazon.com/images/P/0425184943.01.LZZZZZZZ.jpg,4.0,67,2.3,$69.99
0449910237,Moo,Jane Smiley,http://images.amazon.com/images/P/0449910237.01.LZZZZZZZ.jpg,0.0,79,1.6,$49.99
0345413865,Billy Straight : A Novel,JONATHAN KELLERMAN,http://images.amazon.com/images/P/0345413865.01.LZZZZZZZ.jpg,0.0,54,1.2,$49.99
0373483694,Macgregor Grooms (Macgregors),Nora Roberts,http://images.amazon.com/images/P/0373483694.01.LZZZZZZZ.jpg,0.0,53,1.6,$89.99
0842329242,Nicolae: The Rise of Antichrist (Left Behind No. 3),Tim F. Lahaye,http://images.amazon.com/images/P/0842329242.01.LZZZZZZZ.jpg,0.0,59,2.9,$69.99
0425146413,Night Prey,John Sandford,http://images.amazon.com/images/P/0425146413.01.LZZZZZZZ.jpg,0.0,60,1.3,$69.99
015100692X,The Crimson Petal and the White,Michel Faber,http://images.amazon.com/images/P/015100692X.01.LZZZZZZZ.jpg,0.0,97,1.8,$69.99
0399144714,Vector,Robin Cook,http://images.amazon.com/images/P/0399144714.01.LZZZZZZZ.jpg,9.0,58,1.5,$69.99
0425151867,Acceptable Risk,Robin Cook,http://images.amazon.com/images/P/0425151867.01.LZZZZZZZ.jpg,0.0,55,1.5,$79.99
0446609943,The Switch,Sandra Brown,http://images.amazon.com/images/P/0446609943.01.LZZZZZZZ.jpg,8.0,81,1.7,$49.99
0553250426,The Clan of the Cave Bear (Earth's Children (Paperback)),Jean M. Auel,http://images.amazon.com/images/P/0553250426.01.LZZZZZZZ.jpg,0.0,79,2.7,$79.99
0446363251,"Scarlett : The Sequel to Margaret Mitchell's \Gone With the Wind\""""",Alexandra Ripley,http://images.amazon.com/images/P/0446363251.01.LZZZZZZZ.jpg,0.0,58,1.6,$49.99
0671525743,Night Whispers,Judith McNaught,http://images.amazon.com/images/P/0671525743.01.LZZZZZZZ.jpg,0.0,66,1.6,$79.99
0553278029,A Great Deliverance,Elizabeth George,http://images.amazon.com/images/P/0553278029.01.LZZZZZZZ.jpg,8.0,52,1.7,$59.99
0553265741,Sacred Sins,Nora Roberts,http://images.amazon.com/images/P/0553265741.01.LZZZZZZZ.jpg,0.0,52,1.7,$49.99
0446356832,The Sands of Time,Sidney Sheldon,http://images.amazon.com/images/P/0446356832.01.LZZZZZZZ.jpg,0.0,59,0.9,$89.99
0553583441,Touching Evil,Kay Hooper,http://images.amazon.com/images/P/0553583441.01.LZZZZZZZ.jpg,0.0,58,1.7,$89.99
0786817070,"Artemis Fowl (Artemis Fowl, Book 1)",Eoin Colfer,http://images.amazon.com/images/P/0786817070.01.LZZZZZZZ.jpg,0.0,97,1.7,$49.99
0440213290,The Copper Beech,Maeve Binchy,http://images.amazon.com/images/P/0440213290.01.LZZZZZZZ.jpg,0.0,67,1.2,$89.99
0515136379,Key of Knowledge (Key Trilogy (Paperback)),Nora Roberts,http://images.amazon.com/images/P/0515136379.01.LZZZZZZZ.jpg,7.0,62,2.2,$79.99
0515136530,"Key of Valor (Roberts, Nora. Key Trilogy, 3.)",Nora Roberts,http://images.amazon.com/images/P/0515136530.01.LZZZZZZZ.jpg,10.0,63,2.5,$79.99
051513628X,Key of Light (Key Trilogy (Paperback)),Nora Roberts,http://images.amazon.com/images/P/051513628X.01.LZZZZZZZ.jpg,0.0,68,2.3,$69.99
0671693816,Wifey,Judy Blume,http://images.amazon.com/images/P/0671693816.01.LZZZZZZZ.jpg,7.0,55,2.5,$69.99
0553287737,The Bourne Ultimatum,Robert Ludlum,http://images.amazon.com/images/P/0553287737.01.LZZZZZZZ.jpg,0.0,53,1.0,$79.99
0440498058,A Wrinkle In Time,MADELEINE L'ENGLE,http://images.amazon.com/images/P/0440498058.01.LZZZZZZZ.jpg,0.0,57,3.4,$89.99
0060096195,The Boy Next Door,Meggin Cabot,http://images.amazon.com/images/P/0060096195.01.LZZZZZZZ.jpg,0.0,54,2.4,$49.99
0440124344,Family Album,Danielle Steel,http://images.amazon.com/images/P/0440124344.01.LZZZZZZZ.jpg,0.0,53,1.4,$59.99
0373483503,Macgregor Brides (Macgregors),Nora Roberts,http://images.amazon.com/images/P/0373483503.01.LZZZZZZZ.jpg,10.0,52,2.0,$49.99
0515122734,Sanctuary,Nora Roberts,http://images.amazon.com/images/P/0515122734.01.LZZZZZZZ.jpg,10.0,78,1.9,$79.99
0440209412,Message from Nam,Danielle Steel,http://images.amazon.com/images/P/0440209412.01.LZZZZZZZ.jpg,0.0,53,1.4,$79.99
0425176487,The Pull of the Moon,Elizabeth Berg,http://images.amazon.com/images/P/0425176487.01.LZZZZZZZ.jpg,0.0,54,2.4,$89.99
0679744398,"All the Pretty Horses (The Border Trilogy, Vol 1)",CORMAC MCCARTHY,http://images.amazon.com/images/P/0679744398.01.LZZZZZZZ.jpg,0.0,55,1.1,$49.99
0451196856,The Most Wanted,Jacquelyn Mitchard,http://images.amazon.com/images/P/0451196856.01.LZZZZZZZ.jpg,0.0,59,0.7,$59.99
0679429883,Eyes of a Child,Richard North Patterson,http://images.amazon.com/images/P/0679429883.01.LZZZZZZZ.jpg,0.0,51,1.2,$89.99
0446604232,Exclusive,Sandra Brown,http://images.amazon.com/images/P/0446604232.01.LZZZZZZZ.jpg,0.0,52,0.4,$79.99
0312198493,Crazy for You,Jennifer Crusie,http://images.amazon.com/images/P/0312198493.01.LZZZZZZZ.jpg,0.0,67,1.2,$59.99
067164257X,GARDEN OF SHADOWS (Dollanger Saga (Paperback)),Ariel Jennifer Jones,http://images.amazon.com/images/P/067164257X.01.LZZZZZZZ.jpg,0.0,55,1.9,$49.99
0440224594,The Return Journey,MAEVE BINCHY,http://images.amazon.com/images/P/0440224594.01.LZZZZZZZ.jpg,0.0,70,1.2,$79.99
0515126772,Jewels of the Sun (Irish Trilogy),Nora Roberts,http://images.amazon.com/images/P/0515126772.01.LZZZZZZZ.jpg,0.0,81,2.1,$59.99
0385299087,Heartbeat,Danielle Steel,http://images.amazon.com/images/P/0385299087.01.LZZZZZZZ.jpg,0.0,58,1.6,$89.99
0449219461,H Is for Homicide (Kinsey Millhone Mysteries (Paperback)),Sue Grafton,http://images.amazon.com/images/P/0449219461.01.LZZZZZZZ.jpg,7.0,69,2.3,$79.99
0425152898,Mind Prey,John Sandford,http://images.amazon.com/images/P/0425152898.01.LZZZZZZZ.jpg,0.0,52,2.0,$49.99
0316678104,Fortune's Rocks : A Novel,Anita Shreve,http://images.amazon.com/images/P/0316678104.01.LZZZZZZZ.jpg,0.0,69,1.3,$59.99
0671741195,The Cradle Will Fall,Mary Higgins Clark,http://images.amazon.com/images/P/0671741195.01.LZZZZZZZ.jpg,0.0,57,0.9,$89.99
0425158632,Executive Orders (Jack Ryan Novels),Tom Clancy,http://images.amazon.com/images/P/0425158632.01.LZZZZZZZ.jpg,0.0,52,0.8,$49.99
0446606189,Cat &amp; Mouse (Alex Cross Novels),James Patterson,http://images.amazon.com/images/P/0446606189.01.LZZZZZZZ.jpg,9.0,73,1.7,$79.99
0446602620,Blood Work,Michael Connelly,http://images.amazon.com/images/P/0446602620.01.LZZZZZZZ.jpg,0.0,51,1.9,$89.99
0425174271,Certain Prey,John Sandford,http://images.amazon.com/images/P/0425174271.01.LZZZZZZZ.jpg,0.0,62,1.5,$69.99
039914613X,Easy Prey,John Sandford,http://images.amazon.com/images/P/039914613X.01.LZZZZZZZ.jpg,0.0,71,2.1,$49.99
0425189864,Mortal Prey,John Sandford,http://images.amazon.com/images/P/0425189864.01.LZZZZZZZ.jpg,0.0,62,1.8,$69.99
0425109720,Patriot Games (Jack Ryan Novels),Tom Clancy,http://images.amazon.com/images/P/0425109720.01.LZZZZZZZ.jpg,0.0,61,1.6,$79.99
0440203856,Zoya,Danielle Steel,http://images.amazon.com/images/P/0440203856.01.LZZZZZZZ.jpg,7.0,59,1.2,$69.99
0515124214,Inner Harbor (Quinn Brothers (Paperback)),Nora Roberts,http://images.amazon.com/images/P/0515124214.01.LZZZZZZZ.jpg,0.0,58,1.8,$69.99
0440213282,No Greater Love,Danielle Steel,http://images.amazon.com/images/P/0440213282.01.LZZZZZZZ.jpg,0.0,53,1.6,$59.99
0684832291,My Gal Sunday,Mary Higgins Clark,http://images.amazon.com/images/P/0684832291.01.LZZZZZZZ.jpg,6.0,69,1.3,$59.99
0399141200,That Camden Summer,Lavyrle Spencer,http://images.amazon.com/images/P/0399141200.01.LZZZZZZZ.jpg,0.0,73,1.9,$59.99
0440213991,Guardian Angel,Sara Paretsky,http://images.amazon.com/images/P/0440213991.01.LZZZZZZZ.jpg,0.0,55,1.7,$79.99
0449223604,M Is for Malice,Sue Grafton,http://images.amazon.com/images/P/0449223604.01.LZZZZZZZ.jpg,5.0,69,2.4,$49.99
0688084915,Nothing Lasts Forever,Sidney Sheldon,http://images.amazon.com/images/P/0688084915.01.LZZZZZZZ.jpg,0.0,51,1.1,$89.99
0743418131,Deck the Halls (Holiday Classics),Mary Higgins Clark,http://images.amazon.com/images/P/0743418131.01.LZZZZZZZ.jpg,0.0,57,0.5,$79.99
